CO_ENTIDADE,DS_ENDERECO,QT_SALAS_UTILIZADAS,IN_QUADRA_ESPORTES_COBERTA,IN_PISCINA
41126882,RUA LARANJEIRAS,9.0,1.0,0.0
41126980,RUA VER ELIAS KARAM,10.0,0.0,0.0
41127013,RUA DECIO BARRETO,15.0,1.0,0.0
41127021,AV GOVERNADOR CARLOS LACERDA SN,12.0,1.0,0.0
41127030,AV MONTEIRO TOURINHO,1.0,0.0,0.0
41127048,RUA ESPIRIDIAO KALLUF,15.0,1.0,0.0
41127056,RUA SEBASTIAO ALVES FERREIRA,22.0,1.0,0.0
41127064,RUA VICENTE PONTAROLLA,10.0,1.0,0.0
41127072,RUA EURIPEDES GARCES DO NASCIMENTO,9.0,0.0,0.0
41127080,RUA VIEIRA SANTOS,18.0,0.0,0.0
41127102,RUA PRES WASHINGTON LUIS,,,
41127129,RUA EMILIO ROMANI,17.0,1.0,0.0
41127145,RUA JOSE HELLA,6.0,1.0,0.0
41127153,RUA MARTIM AFONSO,12.0,1.0,0.0
41127161,TRAVESSA TOBIAS DE MACEDO,,,
41127170,RUA PEDRO GUSSO,23.0,1.0,0.0
41127196,RUA JULIO PEDROSO DE MORAES,15.0,1.0,0.0
41127200,RUA CARLOS RAZERA,13.0,1.0,0.0
41127218,RUA JOAO VALLE,12.0,0.0,0.0
41127226,RUA JOAO BATISTA SCUCATO,14.0,1.0,0.0
41127234,RUA PE ESTANISLAU PIASECKI,10.0,1.0,0.0
41127242,RUA JOSE VALLE,39.0,1.0,0.0
41127250,AVENIDA VICENTE MACHADO,10.0,0.0,0.0
41127269,RUA KONRAD ADENAUER,7.0,0.0,0.0
41127277,AVENIDA MARECHAL FLORIANO PEIXOTO,,,
41127285,RUA JOAO AMADEU PEDRO BOM,17.0,1.0,0.0
41127293,RUA SIMAO BOLIVAR,10.0,0.0,0.0
41127315,RUA JOSE CASEMIRO STENZOWSKI,12.0,0.0,0.0
41127323,RUA RIO IRIRI,15.0,1.0,0.0
41127340,RUA DESEMB CID CAMPELO,18.0,1.0,0.0
41127358,AV NOSSA SENHORA APARECIDA,5.0,0.0,0.0
41127382,AV PRESIDENTE WENCESLAU BRAZ,15.0,0.0,0.0
41127390,"RUA PROFESSOR ULISSES VIEIRA, 2809",34.0,0.0,0.0
41127404,RUA IZAAC FERREIRA DA CRUZ,14.0,1.0,0.0
41127412,RUA MOBRAL,22.0,1.0,0.0
41127420,RUA JULIO MESQUITA,21.0,1.0,0.0
41127447,RUA ANTONIO MOREIRA LOPES,17.0,1.0,0.0
41127463,RUA PASTOR WALDOMIRO BILESKI,29.0,1.0,0.0
41127480,RUA PROFESSORA DONA LULU,24.0,1.0,0.0
41127544,RUA CUIABA,16.0,1.0,0.0
41127552,RUA DIOGO MUGIATTI,15.0,1.0,1.0
41127609,RUA FRANCISCO XAVIER DE OLIVEIRA,17.0,1.0,0.0
41127617,RUA ANTONIO ANTONIACOMI,20.0,1.0,0.0
41127625,RUA PE MANUEL DA NOBREGA,11.0,0.0,0.0
41127650,RUA EURICO ZYKIEVITZ,25.0,1.0,0.0
41127668,RUA ELVIRA B POLAK,15.0,1.0,0.0
41127676,RUA CAP ROBERTO LOPES QUINTAS,15.0,1.0,0.0
41127692,AVENIDA DA INTEGRACAO,15.0,1.0,0.0
41127706,RUA HOLANDA,6.0,0.0,0.0
41127714,RUA LUIZ HOMANN,15.0,1.0,0.0
41127722,RUA 24 DE MAIO,94.0,1.0,0.0
41127730,RUA CARLOS RAZERA,,,
41127765,RUA NOSSA SENHORA DA CABECA,24.0,1.0,0.0
41127773,RUA CANDIDO DE ABREU,,,
41127781,RUA FRANCISCO DE PAULA GUIMARAES,39.0,1.0,0.0
41127790,RUA JORGE BONN,16.0,1.0,0.0
41127811,RUA TAMOIOS,16.0,1.0,0.0
41127820,RUA SANTA ANGELA DE FOLIGNO,17.0,1.0,0.0
41127889,RUA ACYR SANTOS,4.0,0.0,0.0
41127897,RUA RICARDO NEGRAO FILHO,13.0,0.0,0.0
41127919,RUA CORONEL CARLOS BARDELLI,8.0,0.0,0.0
41127978,TRAV RODOLPHO ROSENAU,6.0,0.0,0.0
41127986,TRAV FERREIRA DO AMARAL,6.0,0.0,0.0
41128010,RUA JANDAIA DO SUL,23.0,1.0,0.0
41128036,RUA PEDRINA ACCORDES COSTA,6.0,0.0,0.0
41128044,RUA SOLIMOES,8.0,1.0,0.0
41128052,RUA DR SIMAO KOSSOBUDSKI,14.0,1.0,0.0
41128079,RUA RECIFE,8.0,0.0,0.0
41128109,ALAMEDA DOUTOR CARLOS DE CARVALHO,10.0,0.0,0.0
41128125,RUA AYRTON PIZZATTO GUSI,9.0,1.0,0.0
41128133,ALFERES ANGELO SAMPAIO,,,
41128150,RUA PROFESSOR ULISSES VIEIRA,6.0,1.0,0.0
41128168,RUA BENVENUTO GUSSO,23.0,1.0,0.0
41128176,RUA PEDRO ELOY DE SOUZA,16.0,1.0,0.0
41128192,RUA ALFERES ANGELO SAMPAIO,6.0,0.0,1.0
41128206,RUA ORLANDO PERUCCI,9.0,0.0,0.0
41128222,RUA JOSE VERISSIMO,13.0,0.0,0.0
41128249,AVENIDA SETE DE SETEMBRO 3165,,,
41128273,RUA BRASILIO CUMAN,3.0,0.0,0.0
41128281,RUA CEL BENEDITO TERTULIANO CORDEIRO,15.0,1.0,0.0
41128290,RUA SARGENTO ALPENDRE,8.0,0.0,0.0
41128354,RUA OURO VERDE,16.0,1.0,0.0
41128362,RUA LUIZ NICHELE,25.0,0.0,0.0
41128370,RUA PROF WALDIR DE JESUS,75.0,1.0,0.0
41128389,RUA VISCONDE DE NACAR,10.0,0.0,0.0
41128400,TRAV AUGUSTO MARACH,,,
41128427,RUA CAETANO ALESSI,10.0,1.0,0.0
41128443,RUA DOUTOR JULIO CESAR RIBEIRO DE SOUZA,10.0,0.0,0.0
41128451,RUA IZAAC FERREIRA DA CRUZ,21.0,1.0,0.0
41128460,RUA STANISLAU FELIBRANTE,5.0,0.0,0.0
41128508,RUA JOAQUIM DE SIQUEIRA CORTES,14.0,1.0,0.0
41128516,RUA ANTONIA MOLINA BELLA,24.0,1.0,0.0
41128575,RUA GENERAL CARNEIRO,14.0,1.0,0.0
41128583,RUA PIQUIRI,6.0,0.0,0.0
41128591,AVENIDA DOS ESTADOS,10.0,1.0,0.0
41128613,RUA ENGENHEIROS REBOUCAS,14.0,1.0,0.0
41128648,AVENIDA DA INTEGRACAO,18.0,1.0,0.0
41128656,AV SENADOR SOUZA NAVES,20.0,0.0,0.0
41128664,RUA DO BUDA,11.0,0.0,0.0
41128672,RUA JORNALISTA ALCEU CHICHORRO,19.0,1.0,0.0
41128699,RUA NILO PECANHA,32.0,1.0,0.0
41128702,RUA FERNANDO DE NORONHA,23.0,1.0,0.0
41128737,RUA DESEMBARGADOR CID CAMPELO,17.0,1.0,0.0
41128745,RUA JOAO BATISTA ZAGONEL PASSOS,16.0,1.0,0.0
41128753,RUA REINALDO DE CARVALHO BOLA,23.0,1.0,0.0
41128770,RUA DO HERVAL,26.0,1.0,0.0
41128885,RUA PAULO CESAR DE ARAUJO KALIL SN,14.0,1.0,0.0
41128893,RUA CLEMENTE RITZ,41.0,1.0,0.0
41128915,RUA PADRE PAULO WARKOCZ,16.0,1.0,0.0
41128931,RUA MILTON MIRAMIR VISINONI,17.0,1.0,0.0
41128940,RUA JOVENILSON AMERICO DE OLIVEIRA,24.0,1.0,0.0
41128958,RUA ALVORADA,13.0,1.0,0.0
41128966,RUA EUGENIO PAROLIN,11.0,1.0,0.0
41128974,RUA DEL MIGUEL ZACARIAS,11.0,1.0,0.0
41128982,RUA JOSE SPERANCETTA,10.0,1.0,0.0
41129008,AV PREF LOTHARIO MEISSNER,48.0,0.0,0.0
41129040,RUA CAP JOSE MARIA SOBRINHO,8.0,1.0,0.0
41129059,AV SENADOR SALGADO FILHO,,,
41129067,RUA LUIZ FRANCA,15.0,1.0,0.0
41129075,RUA JORNALISTA GERALDO RUSSE,,,
41129083,RUA JOSE ZALESKI,20.0,1.0,0.0
41129091,RUA OSMARIO DE LIMA,10.0,1.0,0.0
41129105,RUA GUILHERME IHLENFELDET,17.0,1.0,0.0
41129113,RUA BENTO VIANA,,,
41129121,RUA RIO JAPURA,12.0,1.0,0.0
41129130,RUA EMILIANO PERNETA,40.0,1.0,0.0
41129148,RUA PASTOR DAVID KOOP,104.0,1.0,0.0
41129156,RUA CAMPINA DA LAGOA,21.0,1.0,0.0
41129164,AV NOSSA SENHORA DE NAZARE,12.0,1.0,0.0
41129172,RUA MATEUS LEME,10.0,1.0,0.0
41129180,RUA ANTONIO GEROSLAU FERREIRA,31.0,1.0,0.0
41129199,AV MARECHAL DEODORO,15.0,0.0,0.0
41129253,RUA MIGUEL RAICOSKI SOBRINHO SN,23.0,0.0,0.0
41129261,RUA CLARA TEDESCO,16.0,1.0,0.0
41129270,RUA FREDERICO STADLER JUNIOR,20.0,1.0,0.0
41129296,RUA BALDUR MAGNUS GRUBBA,14.0,1.0,0.0
41129318,RUA DR PEDRO AUGUSTO MENNA BARRETO MON,26.0,1.0,0.0
41129326,RUA CARLOS DE CAMPOS,25.0,1.0,0.0
41129342,RUA FLORIANO ESSENFELDER,17.0,1.0,0.0
41129350,RUA HOLANDA,8.0,1.0,0.0
41129393,RUA CLETO DA SILVA,28.0,1.0,0.0
41129407,RUA BOM PASTOR,35.0,1.0,0.0
41129431,RUA JOAO REFFO,13.0,1.0,0.0
41129440,RUA FRANCISCO DEROSSO,15.0,1.0,0.0
41129458,RUA CID MARCONDES DE ALBUQUERQUE,33.0,1.0,0.0
41129466,RUA FRANCISCO DEROSSO,17.0,1.0,0.0
41129474,RUA FRANCISCO TISSOT,13.0,1.0,0.0
41129482,RUA JOSE TISSI,15.0,1.0,0.0
41129490,AV MANOEL RIBAS,19.0,1.0,0.0
41129512,RUA TABAJARAS,9.0,0.0,0.0
41129539,RUA CARMELINA CAVASSIN,13.0,0.0,0.0
41129571,RUA JOAQUIM CARDOSO DA SILVEIRA,15.0,1.0,0.0
41129580,RUA EMILIA MARIA UBA,12.0,1.0,0.0
41129598,RUA LEONARDO JAVORSKI,9.0,0.0,0.0
41129628,RUA BOM JESUS DE IGUAPE,14.0,1.0,0.0
41129636,RUA ALCIR MARTINS BASTOS,16.0,1.0,0.0
41129679,RUA LAMENHA LINS,16.0,1.0,0.0
41129687,RUA JACAREZINHO,13.0,0.0,0.0
41129695,RUA IR FLAVIA BORLET,8.0,1.0,0.0
41129709,RUA DONA BARBARA CID,10.0,1.0,0.0
41129717,RUA DELEGADO BRUNO DE ALMEIDA,9.0,0.0,0.0
41129725,RUA IZAAC FERREIRA DA CRUZ,21.0,1.0,0.0
41129733,RUA ROBERT REDZIMSKI,18.0,1.0,0.0
41129741,RUA FRANCISCO JUGLAIR,8.0,0.0,0.0
41129776,RUA ORLANDO PERUCCI,15.0,0.0,1.0
41129784,RUA SATURNINO ARRUDA DOS SANTOS,12.0,1.0,0.0
41129792,AV PREFEITO OMAR SABBAG,27.0,1.0,0.0
41129806,RUA FERNANDES VIEIRA,14.0,1.0,0.0
41129830,AVENIDA MANOEL RIBAS,27.0,1.0,0.0
41129849,RUA PADRE PAULO WARKOCZ,8.0,1.0,0.0
41129857,RUA FREDERICO MAURER,64.0,1.0,0.0
41129881,RUA ALBERTO FOLLONI,22.0,1.0,1.0
41129890,AVENIDA DOUTOR EUGENIO BERTOLLI,70.0,1.0,0.0
41129903,AV JORNALISTA ADERBAL GAERTNER STRESSER,21.0,1.0,0.0
41129920,RUA ROSA TORTATO,12.0,1.0,0.0
41129938,RUA ANNE FRANK,17.0,1.0,0.0
41129946,RUA CAP LEONIDAS MARQUES,11.0,1.0,0.0
41129954,RUA SAO PAULO,15.0,1.0,0.0
41129962,RUA VER ADEODATO VOLPI,9.0,1.0,0.0
41129970,RUA NOSSA SENHORA DA CABECA,24.0,1.0,0.0
41129989,RUA EDUARDO SPRADA,10.0,0.0,0.0
41129997,RUA JOSE MAZEPA,15.0,1.0,0.0
41130006,RUA JOSE ANGELO MARTINS,27.0,1.0,0.0
41130022,RUA HERMENEGILDO BONAT,10.0,1.0,0.0
41130030,RUA SILVIO ZANATTA,6.0,0.0,0.0
41130049,RUA LUIZ ZILLI,7.0,1.0,0.0
41130057,RUA PRIMEIRO DE MAIO,22.0,1.0,0.0
41130065,RUA ANA APARECIDA L CANET,27.0,1.0,0.0
41130090,RUA JOAO BETTEGA,67.0,1.0,0.0
41130103,RUA VISCONDE DO CERRO FRIO SN,16.0,1.0,0.0
41130111,RUA JOSE GONCALVES JUNIOR,6.0,0.0,0.0
41130138,RUA PADRE MANUEL DA NOBREGA,14.0,1.0,0.0
41130146,RUA MARIO GOMES CESAR,16.0,1.0,0.0
41130154,RUA ULISSES JOSE RIBEIRO,8.0,1.0,0.0
41130162,RUA SANTA REGINA,16.0,1.0,0.0
41130170,RUA MARIA GERONASSO DO ROSARIO,17.0,1.0,0.0
41130189,RUA JOAO BARBOSA DE ALMEIDA,16.0,1.0,0.0
41130197,RUA ALM GONCALVES,11.0,1.0,0.0
41130200,RUA FRANCIS BACON,11.0,0.0,0.0
41130219,RUA ITACOLOMI,48.0,1.0,0.0
41130227,RODOVIA BR-277 CURITIBA-PARANAGUA,32.0,1.0,0.0
41130235,RUA ANGELINA TURESSO CAVALIM,8.0,1.0,0.0
41130243,RUA MAJOR VICENTE DE CASTRO,10.0,0.0,0.0
41130251,RUA CALIFORNIA,13.0,1.0,0.0
41130260,RUA DANIEL MIKOVSKI,9.0,1.0,0.0
41130294,RUA NOVA LONDRINA,8.0,1.0,0.0
41130308,RUA PRES PADUA FLEURY,13.0,1.0,0.0
41130316,RUA CAROLINA DOS ANJOS,27.0,1.0,0.0
41130324,RUA DOS IPES,14.0,1.0,0.0
41130332,RUA JOAO MACHADO DE CAMARGO,25.0,1.0,0.0
41130340,AV VICENTE MACHADO,15.0,1.0,0.0
41130359,RUA MARIA THEODORA DE PAULA COSTA,14.0,0.0,0.0
41130367,RUA ALEXANDRE MARCOSKI,21.0,1.0,0.0
41130375,RUA NUNES MACHADO,8.0,1.0,0.0
41130383,RUA BRIG EDUARDO GOMES,7.0,1.0,0.0
41130391,AVENIDA SILVA JARDIM,9.0,1.0,0.0
41130405,RUA DILERMANDO PEREIRA DE ALMEIDA,22.0,1.0,0.0
41130413,RUA IZABEL RAKSA VOLUZ,9.0,0.0,0.0
41130421,RUA LAMENHA LINS,20.0,1.0,0.0
41130430,RUA DIOGO MUGGIATI,32.0,1.0,0.0
41130480,RUA AFFONSO BARONI,17.0,1.0,0.0
41130499,RUA COSTA RICA,34.0,1.0,1.0
41130502,RUA JOSE OSIRES BAGLIOLI,15.0,0.0,0.0
41130529,RUA MAESTRO CARLOS FRANK,22.0,1.0,0.0
41130553,RUA LUIZ RONALDO CANALLI,6.0,0.0,0.0
41130570,RUA RORAIMA,17.0,1.0,0.0
41130596,RUA CURUPIS,7.0,1.0,0.0
41130618,RUA MAL MALLET,40.0,1.0,0.0
41130634,RUA CEL AMERICO WALGER,12.0,0.0,0.0
41130650,RUA SAMUEL CEZAR,5.0,0.0,0.0
41130669,RUA ALBERT SABIN,13.0,1.0,0.0
41130677,RUA JOAO BATISTA SCUCATO,,,
41130685,RUA MAESTRO CARLOS FRANK,32.0,1.0,0.0
41130693,RUA ELIAS MOYSES SCHELELA,6.0,1.0,0.0
41130707,RUA PROF. ULISSES VIEIRA,14.0,1.0,0.0
41130723,AV IGUACU,17.0,1.0,0.0
41130740,RUA SANTA MADALENA SOFIA BARAT,32.0,1.0,0.0
41130782,AV CANDIDO HARTMANN,17.0,1.0,0.0
41130790,RUA GUABIROTUBA,20.0,1.0,0.0
41130804,ESTRADA VELHA DO BARIGUI,20.0,1.0,0.0
41130812,RUA PRES RODRIGO OTAVIO,9.0,1.0,0.0
41130820,RUA SANTA CATARINA,7.0,1.0,0.0
41130839,RUA PASTOR ANTONIO POLITO,8.0,1.0,0.0
41130847,AV PRESIDENTE AFFONSO CAMARGO,19.0,1.0,0.0
41130855,RUA KONRAD ADENAUER,8.0,1.0,0.0
41130863,RUA JOAO RIBEIRO LEMOS,38.0,1.0,0.0
41130871,RUA JOAO DEMBINSKI,16.0,1.0,0.0
41130880,RUA SANTA MARIA,6.0,0.0,0.0
41130901,RUA DEL BRUNO DE ALMEIDA,11.0,1.0,0.0
41130910,RUA CATHARINA POTINA DE MAURO,10.0,1.0,0.0
41130928,RUA JACOB BREDA,3.0,0.0,0.0
41130936,RUA GUILHERME IHLENFELDT,14.0,0.0,0.0
41130944,RUA IRATI,19.0,0.0,0.0
41130952,AV ANITA GARIBALDI,7.0,0.0,0.0
41130979,RUA BRASILIO PERY MOREIRA,19.0,1.0,0.0
41130987,RUA PRESIDENTE CARLOS CAVALCANTI,27.0,1.0,0.0
41131002,RUA JULIO WISCHRAL,15.0,1.0,0.0
41131053,RUA MERCEDES SEILLER ROCHA,12.0,0.0,0.0
41131070,RUA PEDRO ELOY DE SOUZA,10.0,0.0,0.0
41131193,RUA MORRETES,13.0,1.0,0.0
41131215,PRACA CONSELHEIRO TOMAS COELHO,33.0,1.0,1.0
41131223,"RUA CAPITAO ROBERTO LOPES QUINTAS, SN",14.0,1.0,0.0
41131274,RUA JOSE BASSA,11.0,1.0,0.0
41131282,RUA CEL JOAO GUILHERME GUIMARAES,11.0,1.0,0.0
41131290,RUA AMAURY LANGE SILVERIO,10.0,1.0,0.0
41131304,RUA ENGENHEIRO BENEDITO MARIO DA SILVA,33.0,0.0,0.0
41131312,RUA GUILHERME FUGMANN,22.0,1.0,0.0
41131347,RUA JOAO DEMBINSKI,16.0,1.0,0.0
41131401,RUA JOSE HAUER,,,
41131410,RUA URBANO LOPES,6.0,0.0,0.0
41131444,RUA DOS FUNCIONARIOS,,,
41131452,RUA FIORAVANTE SLAVIEIRO,21.0,1.0,0.0
41131460,RUA PROF NARCISO MENDES,17.0,1.0,0.0
41131479,RUA GOIANIA,15.0,1.0,0.0
41131487,RUA MARECHAL HERMES,8.0,0.0,0.0
41131495,RUA AMERICO VESPUCIO,17.0,1.0,0.0
41131509,RUA BOCAIUVA,18.0,0.0,0.0
41131517,AV JORNALISTA ADERBAL G STRESSER,18.0,1.0,0.0
41131525,RUA JAIME VEIGA,,,
41131533,RUA PROFESSOR JOAO SOARES BARCELOS,12.0,1.0,0.0
41131576,RUA JOSE OSIRES BAGLIOLI,14.0,1.0,0.0
41131584,RUA DOUTOR ALCIDES VIEIRA ARCO-VERDE,32.0,1.0,0.0
41131592,AVENIDA WASHINGTON LUIZ,24.0,1.0,0.0
41131606,AVENIDA MANOEL RIBAS,13.0,1.0,0.0
41131614,RUA SUECIA,12.0,0.0,0.0
41131630,ALAMEDA PRESIDENTE TAUNAY,40.0,1.0,1.0
41131649,RUA CARLOS DE LAET,13.0,1.0,0.0
41131657,RUA EDUARDO GERONASSO,44.0,1.0,0.0
41131665,RUA AQUELINO ORESTES BAGLIOLI,17.0,1.0,0.0
41131673,FIORAVANTE DALLA STELLA,106.0,1.0,1.0
41131681,RUA DAVI XAVIER DA SILVA,20.0,1.0,0.0
41131690,AV. JOSE RICHA,103.0,1.0,0.0
41131703,R. BOM JESUS,50.0,1.0,0.0
41131711,RUA NICOLA PELLANDA,25.0,1.0,0.0
41131762,RUA HENRIQUE MATTIOLI,6.0,1.0,0.0
41131789,NOSSA SENHORA APARECIDA,17.0,1.0,0.0
41131819,RUA BATISTA PESSINE,9.0,1.0,0.0
41131843,RUA SINKE FERREIRA,9.0,0.0,0.0
41131878,RUA ANNE FRANK,10.0,0.0,0.0
41131886,RUA CLARA FILLA,12.0,1.0,0.0
41131894,AL PRINCESA IZABEL,,,
41131908,RUA ENGENHEIRO COSTA BARROS,15.0,1.0,0.0
41131916,RUA JOAO ALEXANDRE KOPP,10.0,1.0,0.0
41131924,RUA PEDRO BOCCHINO,43.0,1.0,0.0
41131959,AVENIDA IGUACU,,,
41131967,RUA JAIME VEIGA,14.0,1.0,0.0
41132025,AV VISCONDE DE GUARAPUAVA,14.0,0.0,0.0
41132050,RUA JOSE ALCIDES DE LIMA,11.0,1.0,0.0
41132076,RUA HUGO KINZELMANN,3.0,0.0,0.0
41132122,AV JOAO GUALBERTO,108.0,1.0,1.0
41132130,RUA BISPO DOM JOSE,54.0,1.0,0.0
41132149,RUA PROF ANGELO ANTONIO DALLEGRAVE,8.0,1.0,0.0
41132157,RUA PEDRO SIEMENS,15.0,1.0,0.0
41132173,RUA MONS MANOEL VICENTE,,,
41132203,RUA CURUPIS,23.0,0.0,0.0
41132211,RUA DR JOAQUIM I SILVEIRA DA MOTTA,10.0,1.0,0.0
41132220,AVENIDA CORONEL AUGUSTO DE ALMEIDA GARRET,40.0,1.0,0.0
41132238,RUA PEROLA DO OESTE,12.0,1.0,0.0
41132289,RUA VIRGINIA DALLABONA,14.0,1.0,0.0
41132297,AV BISPO DOM JOSE,16.0,0.0,0.0
41132300,AV REPUBLICA ARGENTINA,32.0,1.0,0.0
41132319,RUA PROFA DELMINDA SANTOS FERNANDES,13.0,1.0,0.0
41132335,RUA FERNANDO AMARO,18.0,0.0,0.0
41132343,RUA JOSE GONCALVES JUNIOR,24.0,0.0,0.0
41132360,RUA MORRETES,5.0,0.0,0.0
41132394,RUA CARLOS AUGUSTO CORNELSEN,13.0,0.0,0.0
41132475,RUA DANIEL CESARIO PEREIRA,11.0,1.0,0.0
41132483,RUA DR EUZEBIO DE OLIVEIRA,13.0,1.0,0.0
41132513,RUA JOAO MALTA DE ALBUQUERQUE MARANHAO,13.0,1.0,0.0
41132548,RUA CARLOS DE LAET,10.0,0.0,0.0
41132556,RUA JOSE FERREIRA PINHEIRO,17.0,1.0,1.0
41132572,RUA SALVADOR FERRANTE,16.0,1.0,0.0
41132580,RUA DO HERVAL,11.0,0.0,0.0
41132599,ALFERES ANGELO SAMPAIO,13.0,1.0,0.0
41132602,MARCELINO CHAMPAGNAT,80.0,1.0,1.0
41132637,RUA NILO PECANHA,,,
41132645,RUA MONTE CASTELO,10.0,0.0,0.0
41132670,AVENIDA PRESIDENTE WENCESLAU BRAZ,,,
41132696,RUA ARTHUR MARTINS FRANCO,14.0,1.0,0.0
41132718,RUA CIDADE GAUCHA,17.0,1.0,0.0
41132734,RUA HERMENEGILDO LUCA,15.0,1.0,0.0
41132750,RUA ODACIR SCHILIPACK,5.0,0.0,0.0
41132858,RUA EDMUNDO ALBERTO MERCER,,,
41132882,AV PRESIDENTE AFFONSO CAMARGO,23.0,1.0,0.0
41132904,RUA MARIA GERONASSO DO ROSARIO,10.0,1.0,0.0
41132912,RUA BISPO DOM JOSE,23.0,1.0,0.0
41132920,RUA BRIGADEIRO FRANCO,,,
41132939,RUA CELESTE TORTATO GABARDO,28.0,1.0,0.0
41132947,RUA FORTALEZA,17.0,1.0,0.0
41132955,RUA ALBINO FREDERICO FOERSTER,20.0,1.0,0.0
41132980,RUA DES.ANTONIO DE PAULA,16.0,1.0,0.0
41132998,RUA DAVID BODZIAK,22.0,1.0,0.0
41133005,RUA FREI GASPAR DA MADRE DE DEUS,29.0,1.0,0.0
41133030,RUA CEL VICTOR AGNER KENDRICK,12.0,1.0,0.0
41133048,AVENIDA IGUACU,36.0,1.0,0.0
41133072,RUA DOUTOR LUIZ FERNANDO VAN DER BROOCKE,,,
41133080,RUA CORONEL AGOSTINHO MACEDO,18.0,1.0,1.0
41133099,RUA JOSE ANTONIO LEPREVOST,10.0,1.0,0.0
41133102,RUA THEODORO MAKIOLKA,24.0,1.0,0.0
41133137,RUA BORTOLO PAULIN,26.0,1.0,0.0
41133145,RUA ASSIS BRASIL,12.0,0.0,0.0
41133153,RUA PROFESSOR JOAQUIM DE MATOS BARRETO,88.0,1.0,0.0
41133161,RUA JOAO TOBIAS DE PAIVA NETO,18.0,1.0,0.0
41133170,AVENIDA SETE DE SETEMBRO,26.0,1.0,0.0
41133188,RUA CASCAVEL,13.0,1.0,0.0
41133196,RUA DOUTOR PAMPHILO DASSUMPCAO,8.0,1.0,0.0
41133200,RUA AMADEU PIOTTO,20.0,1.0,0.0
41133226,RUA RIO GRANDE DO SUL,16.0,1.0,0.0
41133234,AV VEREADOR TOALDO TULIO,11.0,1.0,0.0
41133242,RUA JOSE SERRATO,12.0,0.0,0.0
41133277,RUA PAULO TURKIEWICZ,23.0,0.0,1.0
41133285,RUA PADRE JOSE JOAQUIM GORAL,21.0,1.0,0.0
41133293,PRACA RUI BARBOSA,21.0,1.0,0.0
41133307,BR 277 - RODOVIA DO CAFE - KM 99,3.0,0.0,0.0
41133323,RUA SILVEIRA PEIXOTO,8.0,0.0,0.0
41133331,RUA ORESTES CODEGA,8.0,0.0,0.0
41133340,RUA RAUL ZANON,18.0,1.0,0.0
41133358,RUA CEL JOSE CARVALHO DE OLIVEIRA,40.0,1.0,0.0
41133366,RUA NICOLA PELLANDA,7.0,0.0,0.0
41133390,RUA MAJOR FABRICIANO DO REGO BARROS,13.0,1.0,0.0
41133404,RUA MARIA DE LOURDES MICKOSZ,12.0,1.0,0.0
41133412,RUA ISAIAS REGIS DE MIRANDA,16.0,1.0,0.0
41133463,RUA GABRIEL FRECCEIRO DE MIRANDA,56.0,1.0,0.0
41133471,RUA CATULO DA PAIXAO CEARENSE,21.0,1.0,0.0
41133480,RUA DOTOR HELENO DA SILVEIRA,12.0,1.0,0.0
41133501,AVENIDA SENADOR ACCIOLY FILHO,17.0,1.0,0.0
41133528,RUA PADRE LEONARDO NUNES,25.0,1.0,0.0
41133544,RUA JACINTO ANTUNES DA SILVA,,,
41133552,RUA LODOVICO KAMINSKI,19.0,1.0,0.0
41133560,RUA PROFA MARIA HELENA K BREDOW,14.0,1.0,0.0
41133633,RUA PADRE JOAO WISLINSKI,,,
41133650,RUA WANDA WOLF,7.0,1.0,0.0
41133668,RUA EXPED ESTANISLAU WOJCIK,10.0,1.0,0.0
41133692,RUA ROCHA POMBO,16.0,0.0,0.0
41133722,RUA ANTONIO OLIVIO RODRIGUES,12.0,0.0,0.0
41133749,RUA DESEMBARGADOR CID CAMPELO,5.0,0.0,0.0
41133757,RUA JOAO NEGRAO,47.0,1.0,0.0
41133781,RUA ROBERT REDZIMSKI,19.0,1.0,0.0
41133790,RUA ORLANDO PERUCCI,9.0,0.0,0.0
41133811,RUA CHANC OSWALDO ARANHA,15.0,1.0,0.0
41133838,RUA DEPUTADO CARNEIRO DE CAMPOS,13.0,1.0,0.0
41133854,RUA ESTRADA DAS OLARIAS,6.0,1.0,0.0
41133943,RUA DA GLORIA,11.0,0.0,0.0
41133951,RUA LUIZ RONALDO CANALLI,8.0,1.0,0.0
41133994,RUA BARAO DE ANTONINA,7.0,0.0,0.0
41134028,RUA PRESIDENTE FARIA,,,
41134036,RUA DOUTOR ALEXANDRE GUTIERREZ,17.0,0.0,0.0
41134044,RUA DOUTOR ALEXANDRE GUTIERREZ,16.0,0.0,0.0
41134168,RUA EDUARDO SPRADA,24.0,1.0,0.0
41134176,RUA PEDRO SIQUEIRA CORTES,19.0,1.0,0.0
41134206,RUA DELEGADO TRINDADE,39.0,1.0,0.0
41134214,RUA FREI TEOFILO,10.0,1.0,0.0
41134249,RUA EDUARDO SPRADA,14.0,1.0,0.0
41134257,RUA WALDEMAR KOST,6.0,0.0,0.0
41134273,RUA BOM JESUS DE IGUAPE,10.0,1.0,0.0
41134290,RUA ZEM BERTAPELLE,19.0,1.0,0.0
41134303,RUA DEPUTADO JOAO FERREIRA NEVES,13.0,1.0,0.0
41134346,RUA DUQUE DE CAXIAS,6.0,0.0,0.0
41134389,RUA DOMINGOS IMBRONIZIO,5.0,1.0,0.0
41134397,RUA O BRASIL PARA CRISTO,10.0,1.0,0.0
41134400,"RUA AUGUSTO ZIBARTH,",29.0,0.0,0.0
41134419,AV SILVA JARDIM,24.0,0.0,0.0
41134435,RUA SEBASTIAO MALUCELLI,19.0,1.0,0.0
41134443,RUA UBALDINO DO AMARAL,,,
41146131,JOAQUIM CARDOSO DA SILVEIRA,31.0,0.0,0.0
41146174,RUA EMILIO BERTOLINI,19.0,0.0,0.0
41146182,RUA NOVA AURORA,22.0,1.0,0.0
41146190,RUA FRANCISCO LICNERSKI,16.0,1.0,0.0
41146204,RUA JOAO PEREIRA TRINDADE,14.0,1.0,0.0
41146212,RUA CARLOS DE LAET,12.0,0.0,0.0
41146220,AL PRINCESA IZABEL,15.0,0.0,0.0
41146247,RUA JOAQUIM DA SILVA SAMPAIO,6.0,0.0,0.0
41146280,RUA INEZ JACEK,,,
41146301,RUA MARCOS MORO,12.0,0.0,0.0
41146352,RUA FIORAVANTE SLAVIERO,7.0,1.0,0.0
41146387,AVENIDA MARECHAL HUMBERTO DE ALENCAR CASTELO BRANCO,12.0,0.0,0.0
41146441,RUA LIMA BARRETO,,,
41146468,RUA MAESTRO FRANCISCO ANTONELLO,7.0,0.0,0.0
41146476,RUA PAULO MARTINS,19.0,1.0,0.0
41146514,RUA JOSE NAVES DA CUNHA,24.0,1.0,0.0
41146557,RUA GONCALVES DIAS,10.0,0.0,0.0
41146611,RUA ARTHUR MOHR,20.0,1.0,0.0
41147014,RUA JOAO ALENCAR GUIMARAES,15.0,1.0,0.0
41147030,RUA CAPITAO LEONIDAS MARQUES,12.0,0.0,0.0
41147162,RUA JOAO BETTEGA,3.0,1.0,0.0
41147170,RUA CORONEL AGOSTINHO MACEDO,6.0,0.0,0.0
41147189,RUA DESEMBARGADOR VIEIRA CAVALCANTI,7.0,0.0,0.0
41147197,RUA EURIPEDES GARCEZ DO NASCIMENTO,11.0,1.0,0.0
41147200,RUA HENRIQUE MARTINS TORRES,5.0,0.0,0.0
41147243,ESTRADA DE SANTA CANDIDA,5.0,0.0,0.0
41147324,RUA TENENTE-CORONEL ARLINDO CANDIDO MOLINA,8.0,0.0,0.0
41147332,RUA JOAO GUARIZA,,,
41147340,RUA VEREADOR ADEODATO VOLPI,6.0,0.0,0.0
41147405,RUA EDUARDO SPRADA,17.0,0.0,0.0
41147685,RUA ROBERTO CHRISTENSEN,18.0,0.0,0.0
41147693,RUA RAUL POMPEIA,16.0,1.0,0.0
41147707,RUA JOSE DUDEK,5.0,0.0,0.0
41147715,RUA CASEMIRO AUGUSTO RODACKI,7.0,0.0,0.0
41147731,RUA OLINDO CAETANI,6.0,0.0,0.0
41147740,RUA ENETTE DUBARD,8.0,0.0,0.0
41147758,RUA LEONARDO PIANOWSKI,6.0,0.0,0.0
41147944,AV DESEMB HUGO SIMAS,,,
41148142,RUA JOSE KORMANN,38.0,1.0,0.0
41148150,RUA MANOEL CLARO ALVES,9.0,0.0,0.0
41148169,RUA DOUTOR MANOEL LINHARES DE LACERDA,12.0,1.0,0.0
41148177,RUA DAVID BODZIAK,16.0,1.0,0.0
41148185,AVENIDA DESEMBARGADOR HUGO SIMAS,14.0,1.0,0.0
41148312,RUA PAULO ILDEFONSO ASSUMPCAO,7.0,1.0,0.0
41148347,RUA RENASCENCA,4.0,0.0,0.0
41148495,RUA RIO JARI,12.0,1.0,0.0
41148819,ESTRADA DELEGADO BRUNO DE ALMEIDA,11.0,0.0,0.0
41148851,RUA DOUTOR ALCIDES VIEIRA ARCO-VERDE,30.0,1.0,0.0
41148967,RUA ACHILLES STENGHEL,6.0,0.0,0.0
41148975,RUA ABEL SCUISSIATO,,,
41148983,RUA CECILIA MIKOSZ,6.0,0.0,0.0
41149009,RUA PAULA PREVEDELLO GUSSO,10.0,1.0,0.0
41149017,RUA DESEMBARGADOR VIEIRA CAVALCANTI,10.0,0.0,0.0
41149041,RUA HERBERT NEAL,7.0,0.0,0.0
41149050,RUA NICOLA PELLANDA,7.0,0.0,0.0
41149076,RUA EMILIA CHOPACZ,4.0,0.0,0.0
41149270,RUA MARIA FORTUNATA TOSIN,16.0,0.0,0.0
41149289,RUA ABRAO JAK DUCK,6.0,0.0,0.0
41149297,RUA MIGUEL CALUF,6.0,0.0,0.0
41149300,R MANDIRITUBA,8.0,0.0,0.0
41149319,R FRANCISCO KOCHINSKI,15.0,0.0,0.0
41149327,RUA MARCIO JOSE ABONISKI,8.0,0.0,0.0
41149335,RUA VICTOR GRYCAJUK,6.0,0.0,0.0
41149343,RUA ALM DONADELLO,10.0,0.0,0.0
41149351,R GUACUI,8.0,0.0,0.0
41149360,RUA JOSE PICUSSA,6.0,0.0,0.0
41149378,RUA DESEMBARGADOR MOTA,8.0,0.0,0.0
41149386,RUA NOVA LONDRINA,6.0,1.0,0.0
41149424,AVENIDA CANDIDO HARTMANN,5.0,0.0,0.0
41149432,RUA CONSELHEIRO CARRAO,7.0,0.0,0.0
41149459,RUA ANTONIO REBELATTO,7.0,0.0,0.0
41149467,RUA NOSSA SENHORA DE NAZARE,6.0,0.0,0.0
41149475,RUA PADRE DEHON,4.0,0.0,0.0
41149491,RUA THEODORO MAKIOLKA,6.0,0.0,0.0
41149505,RUA TROFI ANDRE AQUIM,13.0,1.0,0.0
41149513,RUA LAUDELINO AFONSO DA ROCHA,5.0,0.0,0.0
41149521,RUA ARTHUR EUCLIDES DE MOURA,5.0,0.0,0.0
41149530,RUA BRUNO LOBO,,,
41149548,AVENIDA ANITA GARIBALDI,5.0,0.0,0.0
41149556,RUA JOAO ALENCAR GUIMARAES,7.0,0.0,0.0
41149564,RUA DESEMBARGADOR ANTONIO DE PAULA,6.0,0.0,0.0
41149572,RUA CANDIDO XAVIER,8.0,0.0,0.0
41149580,RUA ANTONIO LAGO,4.0,0.0,0.0
41149599,RUA BORTOLO PAULIN,8.0,0.0,0.0
41149629,RUA CARLOS DE CAMPOS,3.0,0.0,0.0
41149840,RUA TENENTE JOAO GOMES DA SILVA,9.0,0.0,0.0
41149858,RUA SAO BENTO,10.0,0.0,0.0
41149874,RUA ANGELO CARON,9.0,0.0,0.0
41149998,RUA PRESIDENTE BEAUREPAIRE ROHAN,8.0,0.0,0.0
41150015,RUA NOSSA SENHORA DE NAZARE,9.0,1.0,0.0
41150031,RUA MAJOR INACIO GOMES DA COSTA,,,
41150082,RUA CARLOS GUSSO,5.0,0.0,0.0
41150090,AVENIDA DESEMBARGADOR HUGO SIMAS,7.0,0.0,0.0
41150104,RUA WALDEMAR LOUREIRO CAMPOS,9.0,0.0,0.0
41150120,AV VEREADOR TOALDO TULIO,16.0,0.0,0.0
41150163,AVENIDA NOSSA SENHORA DE LOURDES,12.0,1.0,0.0
41150236,RUA CONSTANTINO MAROCHI,11.0,0.0,0.0
41150422,AV PARANA,13.0,0.0,0.0
41150430,FLAVIO DALLEGRAVE,11.0,0.0,0.0
41150481,RUA SAO MATEUS,9.0,0.0,0.0
41150643,RUA VINTE E QUATRO DE MAIO,,,
41150732,RUA SARGENTO TADEU CZOCHER,7.0,1.0,0.0
41150880,RUA ANTONIO PETRUZZIELLO,13.0,1.0,0.0
41151232,RUA EWERTON LEINIG SAPORSKI,8.0,0.0,0.0
41151240,RUA PAPA LEAO XIII,8.0,0.0,0.0
41151259,RUA DR REYNALDO MACHADO,6.0,0.0,0.0
41151267,RUA GUIRINO JORY,10.0,0.0,0.0
41151275,RUA ERICO DA SILVA,8.0,0.0,0.0
41151283,RUA ODILON SANTANA GOMES,6.0,0.0,0.0
41151291,RUA ALBERTO HEYN,6.0,0.0,0.0
41151305,EST DA MINA DE OURO,6.0,0.0,0.0
41151313,RUA VICTOR GRYCAJUK,10.0,0.0,0.0
41151321,RUA FRANCISCO PAROLIN,14.0,1.0,0.0
41151399,RUA DO ROSARIO,17.0,0.0,0.0
41151801,RUA PEDRO IVO,,,
41151810,RUA ARTHUR LEINIG,20.0,1.0,0.0
41151879,RUA NOSSA SENHORA CONSOLADA,27.0,0.0,0.0
41151887,ESTRADA DELEGADO BRUNO DE ALMEIDA,,,
41151933,RUA BARAO DOS CAMPOS GERAIS,6.0,0.0,0.0
41151941,RUA PROFESSOR ULISSES VIEIRA,6.0,0.0,0.0
41151950,RUA HUMBERTO LEVIS,5.0,1.0,0.0
41152239,RUA CALIXTO RAZOLINI,,,
41152417,RUA AUGUSTO ZIBARTH,7.0,0.0,0.0
41152425,RUA BRAZILIO DE ARAUJO,26.0,1.0,0.0
41152484,PROFESSOR PEDRO VIRIATO PARIGOT DE SOUZA,48.0,1.0,1.0
41152492,RUA GOIAS,,,
41152530,RUA CORONEL IZALTINO PINHO,,,
41152549,RUA INACIO LUSTOSA,,,
41153146,RUA DOUTOR HELENO DA SILVEIRA,22.0,1.0,0.0
41153154,RUA SENADOR ACCIOLY FILHO,19.0,0.0,0.0
41153162,AVENIDA COMENDADOR FRANCO,19.0,0.0,0.0
41153235,RUA PADRE LEONARDO NUNES,25.0,1.0,0.0
41153448,RUA JOSE RODRIGUES PINHEIRO,6.0,0.0,0.0
41153456,RUA FRANCISCO PAROLIN,11.0,0.0,0.0
41153464,R NOVA CANTU,8.0,0.0,0.0
41153472,RUA SENADOR XAVIER DA SILVA,,,
41153537,AVENIDA NOSSA SENHORA DA LUZ,9.0,1.0,0.0
41153863,AVENIDA DOS ESTADOS,10.0,1.0,0.0
41153880,RUA VICENTE ALBERTINO MARCHALEK,5.0,0.0,0.0
41153979,ALAMEDA JULIA DA COSTA,7.0,0.0,0.0
41154207,RUA MARUMBY,,,
41154215,RUA ELIZEU DE SOUZA MENDES,8.0,0.0,0.0
41154223,RUA VOLUNTARIOS DA PATRIA,,,
41154231,AVENIDA COMENDADOR FRANCO,18.0,1.0,0.0
41154290,RODOVIA BR116,,,
41154304,RODOVIA BR116,,,
41154312,AVENIDA PRESIDENTE GETULIO VARGAS,,,
41154339,EST DELEGADO BRUNO DE ALMEIDA,17.0,0.0,0.0
41154363,RUA JOSE CAROLO,15.0,1.0,0.0
41154428,AVENIDA PREFEITO LOTHARIO MEISSNER,,,
41154436,RUA JOAQUIM NABUCO,,,
41154509,FREDERICO CANTARELLI,24.0,1.0,1.0
41154517,FREDERICO CANTARELLI,10.0,1.0,0.0
41154525,RUA NICOLA PELLANDA,,,
41154533,AVENIDA SETE DE SETEMBRO,33.0,0.0,0.0
41154541,RUA ALFERES ANGELO SAMPAIO,,,
41154550,SENADOR ACCIOLY FILHO,,,
41154568,RUA PROFESSOR PEDRO VIRIATO PARIGOT DE SOUZA,,,
41155254,RUA ALFERES POLI,3.0,0.0,0.0
41155351,RUA MATEUS LEME,,,
41155807,RUA JORGE BONN,,,
41155815,ROD CURITIBA PONTA GROSSA,42.0,1.0,1.0
41156072,PROFESSOR JOSE NOGUEIRA DOS SANTOS,,,
41156099,RUA ARION NIEPCE DA SILVA,12.0,1.0,0.0
41156110,RUA ILDEFONSO BORBA CORDEIRO,6.0,1.0,0.0
41156129,RUA FRANCISCO TORRES,,,
41156137,RUA DA DIVINA PROVIDENCIA,7.0,0.0,0.0
41156196,RUA GARDENIO SCORZATO,6.0,0.0,0.0
41156200,RUA DO ROSARIO,7.0,0.0,0.0
41156218,RUA CALIXTO RAZOLINI,15.0,0.0,0.0
41156285,RUA NOVA AURORA,4.0,0.0,0.0
41156293,RUA FRANCISCO DEROSSO,18.0,1.0,0.0
41156307,RUA FRANCISCO MOTA MACHADO,6.0,0.0,0.0
41156323,RUA JOAO BATISTA DALLARMI,16.0,0.0,0.0
41156382,RUA BARTOLOMEU LOURENCO DE GUSMAO,7.0,1.0,0.0
41156439,RUA CARMELINA CAVASSIN,,,
41156498,RUA SANTA MARIA,4.0,0.0,0.0
41156501,RUA DALILA ROLIM VARGAS,6.0,0.0,0.0
41156510,RUA PRESIDENTE FARIA,2.0,0.0,0.0
41156552,RUA ANDRE DE BARROS,2.0,0.0,0.0
41156560,AVENIDA IGUACU,1.0,0.0,0.0
41157001,RUA OLGA LINDER MARCON,6.0,0.0,0.0
41157010,RUA AQUELINO ORESTES BAGLIOLI,17.0,1.0,0.0
41157028,R CEL GUILHERME THEODORO BUEST,6.0,0.0,0.0
41157036,RUA TEN TITO TEIXEIRA DE CASTRO,8.0,0.0,0.0
41157370,RUA ZONARDY RIBAS,,,
41157400,RUA LUCAS CARVALHO,6.0,0.0,0.0
41157419,RUA ERNESTO GERMANO FRANCISCO HANNEMANN,8.0,0.0,0.0
41157427,RUA MANOEL MARTINS DE ABREU,5.0,0.0,0.0
41157451,RUA JAIME BALAO,9.0,0.0,0.0
41157460,RUA TAMOIOS,,,
41157478,RUA DESEMBARGADOR ISAIAS BEVILAQUA,,,
41157710,RUA CAPITAO DOMINGOS CASTELLANO,4.0,0.0,0.0
41157729,RUA CASCAVEL,11.0,0.0,0.0
41157737,RUA HILDEBRANDO DULCIO,7.0,0.0,0.0
41157753,RUA LUIZ PARIGOT DE SOUZA,19.0,1.0,0.0
41157788,RUA CALISTO CUMIN,5.0,0.0,0.0
41157796,RUA ALCEBIADES PLAISANT,9.0,0.0,0.0
41157800,AVENIDA SETE DE SETEMBRO,15.0,0.0,0.0
41157877,RUA MATHIAS DE ANDRADE ROCHA,3.0,0.0,0.0
41157885,RUA DIONIRA MOLETTA KLEMTZ,7.0,0.0,0.0
41157966,RUA ARNALDO MARTINS VILLAR LUCENA,5.0,0.0,0.0
41158270,RUA EDUARDO SPRADA,11.0,0.0,0.0
41158288,RUA WILSON DACHEUX PEREIRA,14.0,0.0,0.0
41158296,RUA ENG ENEDINA ALVES MARQUES,10.0,0.0,0.0
41158300,RUA LEON NICOLAS SN,9.0,0.0,0.0
41158318,RUA DO ROSARIO,15.0,0.0,0.0
41158326,RUA GUILHERME IHLENFELDT,6.0,0.0,0.0
41158334,RUA ITACOLOMI,15.0,0.0,0.0
41158342,RUA AARAO LAMENHA DE SIQUEIRA,10.0,0.0,0.0
41158350,RUA AGOSTINHA MARIA RIBEIRO ABRAO,8.0,0.0,0.0
41158369,RUA ANTONIO PAVELSKI,8.0,0.0,0.0
41158377,RUA ANTONI PAVELSKI,6.0,0.0,0.0
41158385,RUA EDVALD RIBAS BORBA,8.0,0.0,0.0
41158393,RUA ULISSES AURELIO VISINONI,8.0,0.0,0.0
41158407,RUA SILVIO CORAZZA,6.0,0.0,0.0
41158415,RUA ALGACYR MANOEL VOLUZ,6.0,0.0,0.0
41158423,RUA URIEL NOGUEIRA DOS SANTOS,10.0,0.0,0.0
41158431,RUA ACRE,8.0,0.0,0.0
41158440,RUA CECILIA VIGO BRUZAMORIN,6.0,0.0,0.0
41158458,RUA CELESTE TORTATO GABARDO,8.0,0.0,0.0
41158466,RUA ONOFRE PEDRO DOS SANTOS,6.0,0.0,0.0
41158474,RUA OSEAS LAZZARI STOTERAU,8.0,0.0,0.0
41158750,ANNE FRANK,16.0,1.0,0.0
41158784,AV ANITA GARIBALDI,15.0,1.0,0.0
41159020,JUSCELINO KUBITSCHEK DE OLIVEIRA,7.0,0.0,0.0
41159039,RUA GOIAS,,,
41159047,AVENIDA PARANA,4.0,0.0,0.0
41159055,RUA DOUTOR OTHON ACCIOLY RODRIGUES DA COSTA,5.0,0.0,0.0
41159136,RUA PADRE DEHON,23.0,1.0,0.0
41159551,RUA ALMIRANTE GONCALVES,17.0,1.0,0.0
41159870,RUA PROFESSOR LEO KESSLER,5.0,0.0,0.0
41160002,RUA DENEZAR ANDRADE DE JESUS,8.0,0.0,0.0
41160010,RUA WALDOMIRO DALDIGAN,11.0,0.0,0.0
41160029,RUA MONSENHOR CELSO,,,
41160070,RUA ANGELO CARON,8.0,0.0,0.0
41160096,RUA DOMINGOS IMBRONIZIO,3.0,0.0,0.0
41160100,RUA SILVEIRA NETO,,,
41160150,AV SETE DE SETEMBRO,9.0,1.0,0.0
41160207,RUA ALCIR MARTINS BASTOS,5.0,1.0,0.0
41160304,RUA PROFESSOR NARCISO MENDES,4.0,0.0,0.0
41160312,RUA CARLOS DE CAMPOS,4.0,0.0,0.0
41160347,RUA BRUNO FILGUEIRA,5.0,0.0,0.0
41160550,RUA HUMBERTO GIRALDI,,,
41160592,RUA PROFESSOR WALDIR DE JESUS,13.0,1.0,0.0
41160703,RUA CAPITAO AMIM MOSSE,5.0,0.0,0.0
41160827,RUA PEDRO BONAT,35.0,1.0,0.0
41161033,RUA ANTONIO PETRUZZIELLO SN,6.0,0.0,0.0
41161114,RUA CORONEL AMAZONAS MARCONDES,6.0,0.0,0.0
41161122,RUA ANTONIO SCHWARTZ,6.0,0.0,0.0
41161130,RUA OLIVARDO KONOROSKI BUENO SN,8.0,0.0,0.0
41161211,RUA ANTONIA MOLINA BELLA,8.0,0.0,0.0
41161270,RUA DEPUTADO OLIVIO BELICH,9.0,0.0,0.0
41161297,RUA PARAGUASSU,6.0,0.0,0.0
41161300,RUA PREFEITO ANGELO FERRARIO LOPES,5.0,0.0,0.0
41161360,RUA CONSTANTINO JOSE DE ALMEIDA,8.0,0.0,0.0
41161394,RUA JOSE NICCO,5.0,0.0,0.0
41161408,PAULA GOMES,24.0,1.0,0.0
41161416,RUA PAULA PREVELLO GUSSO,12.0,1.0,0.0
41161432,RUA SANTA MARIA,5.0,0.0,0.0
41161521,RUA PROFESSOR ARTHUR LOYOLA,5.0,0.0,0.0
41161530,RUA PROFESSORA TEREZITA FARIA DOS SANTOS LIMA,7.0,0.0,0.0
41161661,RUA VEREADOR WASHINGTON MANSUR,5.0,0.0,0.0
41161718,RUA JARDIM ALEGRE,6.0,0.0,0.0
41161726,RUA MATHIAS DE ANDRADE ROCHA,5.0,0.0,0.0
41161734,RUA CARLOS KLEMTZ,,,
41161807,RUA PEDRO DEMETERCO,8.0,0.0,0.0
41161815,RUA HUMBERTO CICCARINO,8.0,0.0,0.0
41161823,RUA CORONEL HOCHE PEDRA PIRES,,,
41161866,RUA SANTA JOANA DARC,7.0,0.0,0.0
41161874,RUA SATURNINO MIRANDA,6.0,0.0,0.0
41161882,RUA MIGUEL PIEKARSKI,4.0,0.0,0.0
41161904,RUA VEREADOR ANTONIO DOS REIS CAVALHEIRO,5.0,0.0,0.0
41161912,RUA HIPOLITO DA COSTA,6.0,0.0,0.0
41161920,RUA ALCIDIO CUBAS,,,
41161980,RUA VIRIATO CORREA,10.0,1.0,0.0
41162072,RUA DIOGO MUGIATTI,,,
41162080,RUA SANTA MONICA,6.0,0.0,0.0
41162102,RUA HAROLDO DRUMOND DE CARVALHO,4.0,0.0,0.0
41162110,RUA DESEMBARGADOR JOAO JOSE ARRUDA JUNIOR,6.0,0.0,0.0
41162129,RUA CAMPINA GRANDE DO SUL,8.0,0.0,0.0
41162137,RUA CASEMIRO MITCZUK,7.0,0.0,0.0
41162145,RUA HAROLDO DRUMOND DE CARVALHO,2.0,0.0,0.0
41162153,RUA JUNDIAI DO SUL,4.0,0.0,0.0
41162161,RUA EPAMINONDAS SANTOS,,,
41162170,RUA TABAJARAS,8.0,0.0,0.0
41162188,RUA RAUL ZANON,7.0,0.0,0.0
41162200,RUA VER ANTONIO DOS REIS CAVALHEIRO,6.0,0.0,0.0
41162226,RUA LONDRINA,5.0,0.0,0.0
41162234,RUA OMAR RAYMUNDO PICHETH,6.0,0.0,0.0
41162285,AV JOAO GUALBERTO,8.0,0.0,0.0
41162528,RUA SANTA MONICA,9.0,0.0,0.0
41162536,RUA CASCAVEL,14.0,0.0,0.0
41162544,RUA FRANCISCO JOSE LOBO,3.0,0.0,0.0
41162552,RUA DR MANOEL ABILHOA,7.0,0.0,0.0
41162579,RUA NICODEMUS ZEGLIN,3.0,0.0,0.0
41162633,RUA ALAMEDA CABRAL,9.0,0.0,0.0
41162641,TRAV ALICE FURLAMETTO MORET,4.0,0.0,0.0
41162684,RUA CAPITAO ARGEMIRO MONTEIRO WANDERLEY,6.0,0.0,0.0
41162692,RUA AFIFFE MANSUR,8.0,0.0,0.0
41162706,RUA COSTA RICA,7.0,0.0,0.0
41162749,RUA DONA ALICE TIBIRICA,7.0,0.0,0.0
41162803,RUA NICOLA PELLANDA,10.0,0.0,0.0
41162986,RUA PARA,16.0,0.0,0.0
41163087,RUA WALDOMIRO DALDIGAN,6.0,0.0,0.0
41163095,RUA TRINTA E UM DE MARCO,13.0,1.0,0.0
41163222,AV PRES AFFONSO CAMARGO,5.0,0.0,0.0
41163249,RUA CAETANO MARCHESINE,13.0,0.0,0.0
41163257,RUA SALDANHA MARINHO,8.0,0.0,0.0
41163290,TRAVESSA JOAO BOM,8.0,0.0,0.0
41163303,RUA MARTA KATEIVA DE OLIVEIRA,5.0,0.0,0.0
41163311,ALAMEDA AUGUSTO STELFELD,12.0,0.0,0.0
41163338,RUA MANOEL RIBAS,7.0,0.0,0.0
41163346,RUA MANOEL VALDOMIRO DE MACEDO,11.0,0.0,0.0
41163400,RUA TENENTE FRANCISCO FERREIRA DE SOUZA,8.0,0.0,0.0
41163737,RUA JOSE ZGODA,8.0,0.0,0.0
41163770,RUA CAMPINA GRANDE DO SUL,8.0,0.0,0.0
41163885,RUA MATEUS LEME,8.0,0.0,0.0
41164180,RUA MARCOS MOCELLIN,5.0,0.0,0.0
41164202,RUA JARDIM OLINDA,6.0,0.0,0.0
41164229,RUA CRISTIANO SCHMITZ,5.0,0.0,0.0
41164237,RUA NATAL,5.0,0.0,0.0
41164318,RUA ELIZEU DE SOUZA MENDES,2.0,0.0,0.0
41164326,RUA ANGELINA ANSAI,11.0,1.0,0.0
41164334,RUA PROFESSOR ASSIS GONCALVES,7.0,0.0,0.0
41164350,RUA LAUDELINO FERREIRA LOPES,7.0,0.0,0.0
41164369,ESTRADA DO GANCHINHO,4.0,0.0,0.0
41164571,RUA VISCONDE DE NACAR,6.0,0.0,0.0
41164598,AVENIDA REPUBLICA ARGENTINA,15.0,0.0,0.0
41164660,RUA EUGENIO FLOR,5.0,1.0,0.0
41164679,AVENIDA REPUBLICA ARGENTINA,35.0,0.0,0.0
41352793,RUA PROF ELEVIR DIONYZIO,6.0,0.0,0.0
41352807,RUA AMERICO VESPUCIO,4.0,0.0,0.0
41352815,RUA DAVID HUME,2.0,0.0,0.0
41352823,RUA MJR NESTOR LUIZ DE OLIVEIRA JUNIOR,2.0,0.0,0.0
41352831,RUA ANGELINA TURESSO CAVALIN,9.0,0.0,0.0
41352840,RUA ANTON TCHEKOV,3.0,0.0,0.0
41352866,LEONIDAS VICENTE DE CASTRO,38.0,1.0,0.0
41352874,AV MAMORE,12.0,1.0,0.0
41352912,RUA NESTOR VICTOR,78.0,1.0,0.0
41352971,AVENIDA SANTA BERNADETHE,5.0,0.0,0.0
41352998,SETE DE SETEMBRO,,,
41353625,RUA TENENTE-CORONEL VILAGRAN CABRITA,7.0,0.0,0.0
41353633,RUA DANTE HONORIO,3.0,0.0,0.0
41353641,RUA TEN ANTONIO PUPO,4.0,0.0,0.0
41353650,RUA DOS UIRAPURUS,4.0,0.0,0.0
41353668,RUA ANTENOR MALLIN,4.0,0.0,0.0
41353676,RUA PAULO FRIEBE,10.0,0.0,0.0
41353692,AV DA REPUBLICA,3.0,0.0,0.0
41353706,RUA DANTE HONORIO,7.0,0.0,0.0
41353714,RUA NOVA FATIMA,4.0,0.0,0.0
41353722,RUA ROMEU BACH,5.0,0.0,0.0
41353730,RUA DIOGO MUGIATTI,7.0,0.0,0.0
41353749,RUA LUIZ CARLOS CANESSO,12.0,0.0,0.0
41353757,RUA VER OSVALDO NASCIMENTO BITTENCOURT,5.0,0.0,0.0
41353765,RUA FRANCISCO CECCON,4.0,0.0,0.0
41353773,RUA PE DEHON,4.0,0.0,0.0
41353781,RUA WILSON DAUCHEUX,4.0,0.0,0.0
41353790,RUA MARILANDIA DO SUL,4.0,0.0,0.0
41353803,RUA BARTOLOMEU LOURENCO DE GUSMAO,7.0,0.0,0.0
41353811,RUA SALVADOR EVANGELISTA,2.0,0.0,0.0
41353820,RUA CONSTANTINO JOSE DE ALMEIDA,4.0,0.0,0.0
41353838,RUA CAMPINA DA LAGOA,5.0,0.0,0.0
41353846,RUA ROBERTO BARBOSA DE ALMEIDA,6.0,0.0,0.0
41353854,RUA CONDE DOS ARCOS,7.0,0.0,0.0
41353862,RUA FIRENZE,5.0,0.0,0.0
41353870,RUA ZEFERINO PIRES BARBOSA,6.0,0.0,0.0
41353889,RUA TEN CEL MUNIZ DE ARAGAO,9.0,0.0,0.0
41353927,RUA JORGE LUIS DELLA COLETTA,5.0,0.0,0.0
41353935,RUA ISAIAS FERREIRA DA SILVA,5.0,0.0,0.0
41355458,RUA GRACIETTE SALMON,6.0,0.0,0.0
41355466,RUA FORTALEZA,6.0,0.0,0.0
41355474,RUA FELICIO ZIBARTH,5.0,0.0,0.0
41355482,RUA DA TRINDADE,6.0,0.0,0.0
41355490,RUA CAP LEONIDAS MARQUES,5.0,0.0,0.0
41355504,RUA JOSE OSIRES BAGLIOLI,8.0,0.0,0.0
41355512,RUA APUCARANA,8.0,0.0,0.0
41355520,RUA JOSE MANOEL VOLUZ,5.0,0.0,0.0
41355539,RUA JUNDIAI DO SUL,6.0,0.0,0.0
41355555,RUA JOAO BATISTA BURBELLO,8.0,0.0,0.0
41355563,RUA PROFA DELMINDA SANTOS FERNANDES,6.0,0.0,0.0
41355571,RUA JOSE RIBEIRO DE CRISTO,5.0,0.0,0.0
41355580,RUA OURO VERDE,5.0,0.0,0.0
41355598,RUA BRIG EDUARDO GOMES,6.0,0.0,0.0
41355601,RUA ANTONIO GEROSLAU FERREIRA,9.0,0.0,0.0
41355610,R MADRE EMILIA RIQUELME,6.0,0.0,0.0
41355628,R NETUNO,6.0,0.0,0.0
41355636,RUA JOAO ANTONIO BRAGA CORTES,5.0,0.0,0.0
41355644,VICENTE MACHADO,8.0,0.0,0.0
41355652,RUA DES CARLOS PINHEIRO GUIMARAES,6.0,0.0,0.0
41355660,RUA DR PLINIO GONCALVES MARQUES,6.0,0.0,0.0
41355687,RUA ERNESTO GERMANO FRANCISCO HANNEMANN,8.0,0.0,0.0
41355695,RUA DENILSON FELIPE DE LIMA,6.0,0.0,0.0
41355709,RUA MAJOR SEBASTIAO ISIDORO PEREIRA,5.0,0.0,0.0
41355717,RUA CARLOS ROBERTO FERREIRA,16.0,0.0,0.0
41355725,RUA PEDRO NABOSNE,7.0,0.0,0.0
41355733,RUA DES CID CAMPELO,5.0,0.0,0.0
41355741,RUA MIGUEL COUTO DOS SANTOS,6.0,0.0,0.0
41355750,R AARAO LAMENHA DE SIQUEIRA,10.0,0.0,0.0
41355776,RUA CHANC OSWALDO ARANHA,11.0,0.0,0.0
41355784,RUA PROFA ANTONIA REGINATO VIANNA,5.0,0.0,0.0
41355792,RUA ELOI MICHELET0,4.0,0.0,0.0
41355806,RUA GUIROKU GASTAO AYABE,5.0,0.0,0.0
41355814,RUA SAO VICENTE PALOTTI,6.0,0.0,0.0
41355830,RUA ALFREDO JAIME FELIPPE,14.0,0.0,0.0
41355849,RUA SAO VALERIO,8.0,0.0,0.0
41355857,RUA PAULO DE FONTIN,6.0,0.0,0.0
41355865,RUA SAO MIGUEL DO OESTE,5.0,0.0,0.0
41355873,RUA CEL HERCULANO DE ARAUJO,4.0,0.0,0.0
41355881,RUA BARTOLOMEU LOURENCO DE GUSMAO,8.0,0.0,0.0
41355890,RUA LAISLAU MIKOCZ,5.0,0.0,0.0
41355903,RUA NICOLAU VOROBI,9.0,0.0,0.0
41355911,RUA SERGIPE,5.0,0.0,0.0
41355920,EST VELHA DO BARIGUI,6.0,0.0,0.0
41355938,RUA CIDADE DE VARGEAO,2.0,0.0,0.0
41355946,RUA TUNEIRAS DO OESTE,5.0,0.0,0.0
41355954,RUA ALFREDO JOSE PINTO,8.0,0.0,0.0
41355962,RUA LODOVICO KAMINSKI,5.0,0.0,0.0
41355970,RUA JEAN BAPTISTA DEBRET,3.0,0.0,0.0
41356004,RUA ARTHUR MARTINS FRANCO,5.0,0.0,0.0
41356020,RUA ARNALD FERREIRA VELLOSO,7.0,0.0,0.0
41356039,RUA PROF BENEDITO NICOLAU DOS SANTOS,6.0,0.0,0.0
41356055,RUA CHILE,8.0,0.0,0.0
41356063,RUA LAMENHA LINS,10.0,0.0,0.0
41356071,RUA ANTONIO PETRUZZIELLO,3.0,0.0,0.0
41356080,RUA DAVID BODZIAK,6.0,0.0,0.0
41356101,RUA LAURO DROMLEWICZ,5.0,0.0,0.0
41356110,RUA SAO JORGE DO OESTE,9.0,0.0,0.0
41356128,RUA MARIA DE LOURDES KUDRI,12.0,0.0,0.0
41356144,RUA ENG BENEDICTO SADOCK DE SA,7.0,0.0,0.0
41356160,RUA BALDUR MAGNUS GRUBBA,6.0,0.0,0.0
41356179,RUA RIO JARI,7.0,0.0,0.0
41356187,RUA SANTO INACIO,6.0,0.0,0.0
41356195,RUA SAO MIGUEL DO OESTE,5.0,0.0,0.0
41356209,RUA CEL VERGINIO LEINIG DE MELLO,8.0,0.0,0.0
41356217,RUA MAL ANOR TEIXEIRA DOS SANTOS,7.0,0.0,0.0
41356225,RUA DIVINA PROVIDENCIA,5.0,0.0,0.0
41356241,RUA ALBERTO POTIER,6.0,0.0,0.0
41356250,RUA JOSE BATISTA DOS SANTOS,2.0,0.0,0.0
41356268,RUA FERNANDO SOUZA COSTA,8.0,0.0,0.0
41356276,RUA REPUBLICA GUARANI,8.0,0.0,0.0
41356284,RUA ALBERICO FLORES BUENO,6.0,0.0,0.0
41356292,RUA DARCI VARGAS,5.0,0.0,0.0
41356306,RUA RIO JARI,9.0,0.0,0.0
41356314,RUA JOSE TISSI,5.0,0.0,0.0
41356322,RUA CARLOS BLANK,6.0,0.0,0.0
41356330,RUA CIDADE DE CORONEL FREITAS,6.0,0.0,0.0
41356349,RUA ROBERT REDZIMSKI,5.0,0.0,0.0
41356365,RUA DANIEL CESARIO PEREIRA,7.0,0.0,0.0
41356373,RUA ARARANGUA,7.0,0.0,0.0
41356381,RUA JOAO NEGRAO,6.0,0.0,0.0
41356390,RUA CEILAO,5.0,0.0,0.0
41356411,RUA FRANCIS BACON,5.0,0.0,0.0
41356420,RUA TRES CORACOES,7.0,0.0,0.0
41356438,RUA ZACARIAS MANSUR,4.0,0.0,0.0
41356446,RUA PROFESSOR NARCISO MENDES,5.0,0.0,0.0
41356462,RUA PROF HUGO HOHMANN,6.0,0.0,0.0
41356470,RUA ELIZABETH JANE BROWN,9.0,0.0,0.0
41356489,RUA REINALDO RICHTER,6.0,0.0,0.0
41356497,RUA BATISTA PESSINE,8.0,0.0,0.0
41356500,RUA MIGUEL NOVICKI,7.0,0.0,0.0
41356519,RUA IRMA ANATOLIA,12.0,0.0,0.0
41356527,RUA CARLOS DE LAET,4.0,0.0,0.0
41356535,RUA REINALDO DE CARVALHO BOLA,6.0,0.0,0.0
41356543,RUA GENAURO FERREIRA ALMEIDA,4.0,0.0,0.0
41356551,AVENIDA REPUBLICA DO LIBANO,6.0,0.0,0.0
41356560,RUA PDE JACINTO MIENSOPUST,5.0,0.0,0.0
41356586,RUA SARG HAROLDO CORDEIRO JUNIOR,6.0,0.0,0.0
41356624,RUA CORONEL IRAZE PAES BRASIL,4.0,0.0,0.0
41356632,RUA ANTONIO MOREIRA LOPES,4.0,0.0,0.0
41356640,RUA RAUL DE OLIVEIRA,8.0,0.0,0.0
41356659,RUA PDE GASTON,6.0,0.0,0.0
41356667,RUA HUMBERTO CALIXTO FRUET,7.0,0.0,0.0
41356675,RUA CEL BENEDITO TERTULIANO CORDEIRO,7.0,0.0,0.0
41356683,RUA VEREADOR OSWALDO NASCIMENTO BITTENCOURT,8.0,0.0,0.0
41356691,RUA ETELVINA DA LUZ DE BARROS,5.0,0.0,0.0
41356705,RUA NOSSA SRA DA CABECA,5.0,0.0,0.0
41356721,RUA DAVID TOWS,7.0,0.0,0.0
41356730,RUA REYNALDO BONAT,5.0,0.0,0.0
41356748,RUA FERNANDO ZIBARTH,5.0,0.0,0.0
41356756,RUA GASTAO DE ABREU PIRES,5.0,0.0,0.0
41356764,RUA RAUL MACHADO BERGES,6.0,0.0,0.0
41356772,RUA CELESTE TORTATO GABARDO,18.0,0.0,0.0
41356799,RUA DR PEDRO ZAVASKI,4.0,0.0,0.0
41356802,RUA DONA SAZA LATTES,5.0,0.0,0.0
41356845,RUA EMILIA ERICHSEN,6.0,0.0,0.0
41356870,RUA EMILIO ROMANI,6.0,0.0,0.0
41356950,RUA DES CID CAMPELO,5.0,0.0,0.0
41356969,RUA ANTONIO FERREIRA,5.0,0.0,0.0
41356977,RUA LUIZ BURDA,4.0,1.0,0.0
41357027,RUA MARIO GASPARIN,19.0,1.0,0.0
41357191,RUA VITAL BRASIL,53.0,0.0,0.0
41357329,TRAV AUGUSTO MARACH,27.0,0.0,0.0
41357604,RUA BRIGADEIRO FRANCO,12.0,0.0,0.0
41357620,RUA PRES FARIA,13.0,0.0,0.0
41358414,RUA LUCIO DE OLIVEIRA LARA,16.0,1.0,0.0
41358830,RUA OLIVIO DOMINGOS LEONARDI,1.0,1.0,0.0
41358848,RUA DES VATEL GONCALVES PEREIRA,16.0,1.0,0.0
41358856,RUA ADHMAR VIEIRA DE ARAUJO,16.0,1.0,0.0
41358864,RUA ENETTE DUBARD,13.0,1.0,0.0
41359518,RUA FRANCISCO LICNERSKI,4.0,0.0,0.0
41359569,RUA EPAMINONDAS SANTOS,6.0,0.0,0.0
41359577,RUA RODRIGO DE FREITAS,10.0,0.0,0.0
41359585,RUA EMBAIXADOR HIPOLITO DE ARAUJO,6.0,0.0,0.0
41359593,RUA SEBASTIAO MALUCELLI,8.0,0.0,0.0
41359615,RUA RODOLFO BERNARDELLI,8.0,0.0,0.0
41359887,RUA PROFESSOR BRAZILIO OVIDIO DA COSTA,5.0,0.0,0.0
41360257,RUA IGNES COLLE MUNHOZ,5.0,0.0,0.0
41360362,RUA CABO CORNELIO DE SOUZA MARTINS,6.0,0.0,0.0
41360370,RUA CAPISTRANO DE ABREU,13.0,0.0,0.0
41361024,RUA ANGELO TOZIM,6.0,0.0,0.0
41361202,RUA WILLIBALDO KAYSER,6.0,0.0,0.0
41361598,RUA FERNANDES VIEIRA,5.0,0.0,0.0
41361717,RUA MAJOR SAUL DE CARVALHO CHAVES,9.0,0.0,0.0
41361920,AV GETULIO VARGAS,,,
41361946,RUA ANTONIO MOACIR RIBEIRO BATISTA,4.0,0.0,0.0
41361962,RUA MONTE SIAO,5.0,0.0,0.0
41361970,RUA ANGELO MARQUETO,10.0,0.0,0.0
41361989,RUA AVELINO MANTOVANI,18.0,1.0,0.0
41362039,TRAVESSA JORNALISTA ARAMIS MILLARCH,18.0,1.0,0.0
41370341,AVENIDA PERO VAZ DE CAMINHA,5.0,0.0,0.0
41370392,R NOVA AURORA,6.0,0.0,0.0
41370414,RUA ENGENHEIROS REBOUCAS,11.0,1.0,0.0
41370597,RUA RIO GUAPORE,20.0,1.0,0.0
41370627,RUA IGNEZ DE LOURDES G DE MACEDO,16.0,1.0,0.0
41370635,AV PREFEITO LOTHARIO MEISSNER,45.0,0.0,0.0
41370651,RUA PROFESSOR JOAO ARGEMIRO LOYOLA,6.0,0.0,0.0
41370660,R EDUARDO PINTO DA ROCHA,6.0,0.0,0.0
41370678,RUA OVIDIO GARCEZ,6.0,0.0,0.0
41371755,RUA NILO PECANHA,33.0,1.0,0.0
41372700,RUA ANTONIO AUGUSTO DE BRITO,12.0,1.0,0.0
41372867,RUA SARG FRANCISCO DA SILVA CONTRIN,15.0,1.0,0.0
41372875,RUA MARCO CAMPOS,7.0,1.0,0.0
41372948,RUA ESTADO DE ISRAEL,,,
41372956,RUA PROF ANTONIO CARLOS RAIMUNDO,4.0,0.0,0.0
41372964,RUA JOAO MEQUETTI,5.0,0.0,0.0
41373022,RUA PADRE FRANCISCO CHYLASZEK,6.0,0.0,0.0
41373421,RUA AMERICO VESPUCIO,9.0,0.0,0.0
41373561,RUA PADRE JULIO SAAVEDRA,14.0,0.0,0.0
41373570,RUA PERNAMBUCO,,,
41373588,RUA ITAUNA DO SUL,6.0,0.0,0.0
41373740,RUA CLETO DA SILVA,,,
41373758,RUA CAPIBERIBE,5.0,1.0,0.0
41374010,RUA ARGELIA,28.0,1.0,0.0
41374835,RUA ODIR GOMES DA ROCHA,15.0,1.0,0.0
41375297,RUA IMACULADA CONCEICAO,14.0,1.0,0.0
41376692,RUA MONTESE,5.0,0.0,0.0
41376706,RUA DA TRINDADE,5.0,0.0,0.0
41376730,RUA VICENTE DE CARVALHO,20.0,1.0,0.0
41376757,RUA PROFESSORA MARIA DE ASSUMPCAO,,,
41376765,AVENIDA VICENTE MACHADO,,,
41376773,RUA PROFESSOR LEONARDO COBBE,5.0,1.0,0.0
41376811,RUA JOAO BAPTISTA GABARDO,,,
41376846,RUA ANTONIO PIETRUZA,26.0,0.0,0.0
41376897,RUA ANDRE DE BARROS,73.0,0.0,0.0
41376943,ITUPAVA,72.0,1.0,1.0
41376951,RUA PAULO RODRIGUES SIMOES,5.0,0.0,0.0
41376978,RUA GENERAL CARNEIRO,,,
41376986,RUA RICARDO LEMOS,16.0,1.0,0.0
41377036,RUA IMACULADA CONCEICAO,8.0,0.0,0.0
41377060,AVENIDA ANITA GARIBALDI,,,
41377087,AV. MARECHAL MASCARENHAS DE MORAES,15.0,1.0,0.0
41377168,AV VISCONDE DE GUARAPUAVA,17.0,1.0,0.0
41377214,RUA PROFESSOR JOAO SOARES BARCELOS,16.0,0.0,0.0
41377257,RUA SANTO INACIO,3.0,0.0,0.0
41377451,RUA LEONCIO DEROSSO,5.0,0.0,0.0
41377460,RUA MAJOR VICENTE DE CASTRO,22.0,1.0,0.0
41377494,RUA AYRTON GREIFFO,6.0,0.0,0.0
41377508,RUA IZAAC FERREIRA DA CRUZ,26.0,1.0,0.0
41377516,SIMAO BOLIVAR,27.0,1.0,0.0
41377540,LARGO CORONEL ENEAS,5.0,0.0,0.0
41377591,RUA JAIR COELHO,19.0,1.0,0.0
41377605,RUA OLIVIO JOSE ROSSETI,16.0,0.0,0.0
41377613,RUA JOAO CISLINSKI SN,16.0,1.0,0.0
41378717,RUA MATHEUS LUIZ DALAGASSA,6.0,0.0,0.0
41378725,RUA ALEIXO BETTEGA,6.0,0.0,0.0
41378733,RUA PAULA GOMES,,,
41378741,RUA EURICO ZYTKIEVITZ,7.0,0.0,0.0
41378750,RUA OSWALDO BAGGIO,17.0,1.0,0.0
41379446,RUA BOROROS,15.0,1.0,0.0
41379896,RUA CARLOS MUNHOZ DA ROCHA,6.0,0.0,0.0
41379900,RUA JAIME JOSE VOJCIECHOVSKI,12.0,0.0,0.0
41379918,RUA JOVENILSON AMERICO DE OLIVEIRA,6.0,0.0,0.0
41379926,RUA VELCY BOLIVAR GRANDO,17.0,1.0,0.0
41379934,RUA JOAO ALVES DE ARAUJO,21.0,1.0,0.0
41380517,RUA ADELAIDE STRESSER SCHELEDER,7.0,0.0,0.0
41380525,AVENIDA CORONEL FRANCISCO HERACLITO DOS SANTOS,34.0,1.0,1.0
41380576,RUA CHILE,2.0,0.0,0.0
41381041,RUA JOAO BETTEGA,10.0,0.0,0.0
41381050,RODOVIA BR-116,,,
41381068,RUA DOUTOR LEAO MOCELLIN,30.0,1.0,0.0
41381122,RUA DOUTOR GOULIN,5.0,0.0,0.0
41381149,RUA JOSE CAMPANELI,16.0,0.0,0.0
41381165,RUA JUVINO RANSOLIM,,,
41381190,RUA MAGDALENA TABORDA RIBAS,8.0,0.0,0.0
41381700,RUA LUIZ FRANCA,2.0,0.0,0.0
41381718,RUA WALDEMIRO PEREIRA,10.0,1.0,0.0
41381874,RUA JOAO TSCHANNERL,17.0,0.0,0.0
41381882,RUA ITACOLOMI,17.0,0.0,0.0
41382080,RUA PARA,,,
41382099,RUA ISAIAS REGIS DE MIRANDA,,,
41382200,RUA JOSE VEIGA,4.0,0.0,0.0
41382293,AVENIDA REPUBLICA ARGENTINA,,,
41382323,RUA ANGELICA NEGRELLO DE CONTO,9.0,0.0,0.0
41383192,RUA DANTE HONORIO,3.0,0.0,0.0
41384440,RUA NOCA CORREIA REINHARDT,7.0,1.0,0.0
41384466,RUA EST DEL BRUNO DE ALMEIDA,5.0,0.0,0.0
41384474,RUA LUCAS CARVALHO,10.0,0.0,0.0
41384482,RUA GERALDO MICHELETTO PELLANDA,13.0,1.0,0.0
41384490,RUA CAFEARA,7.0,0.0,0.0
41384504,R MANOEL NOBREGA,11.0,0.0,0.0
41384512,RUA LEONARDO NOVICKI,6.0,0.0,0.0
41384520,RUA PRIMO LOURENCO TOSIN,6.0,0.0,0.0
41384539,RUA DESEMB CID CAMPELO,6.0,0.0,0.0
41384547,RUA PIA LAZZARI BERTOLDI,5.0,0.0,0.0
41385853,RUA ANDRE DE BARROS,,,
41385942,RUA FRANCISCA BERALDE PAOLINI,14.0,1.0,0.0
41385950,RUA GUSTAVO BARROZO GONCALVES,16.0,1.0,0.0
41385969,RUA HUMBERTO BERTOLDI,25.0,1.0,0.0
41385977,RUA ANTONIO ZANON,12.0,1.0,0.0
41385985,RUA NELSON PREVEDELLO,5.0,0.0,0.0
41385993,RUA LUIZ VISINONI,6.0,0.0,0.0
41386000,ODIR GOMES DA ROCHA,8.0,0.0,0.0
41386345,"RUA PAULO SETUBAL, 3120",33.0,0.0,0.0
41386493,RUA SERAFIM LUCCA,7.0,0.0,0.0
41386736,RUA EMILIO ROMANI,11.0,0.0,0.0
41386744,RUA JOAO LASKA,6.0,0.0,0.0
41386752,RUA JOSE CULPI,6.0,0.0,0.0
41386760,R DR JOSE DE ALMEIDA PIMPAO,10.0,0.0,0.0
41386779,RUA MARIA MARQUES DE CAMARGO,5.0,0.0,0.0
41386787,RUA JAN FREDERIK DE JAGER,8.0,0.0,0.0
41387163,RUA MARIA MARQUES DE CAMARGO,13.0,1.0,0.0
41387171,LEON NICOLAS,19.0,1.0,0.0
41387201,RUA EURIDES MACIEL DE ALMEIDA,,,
41387244,RUA PADRE ESTANISLAU TRZEBIATOWSKI,9.0,0.0,0.0
41387252,RUA ROBERTO CICHON,9.0,0.0,0.0
41387279,RUA ANTONIO BERTHOLDI,24.0,1.0,0.0
41387287,RUA ENGENHEIROS REBOUCAS,11.0,0.0,0.0
41387309,AVENIDA MANOEL RIBAS,2.0,0.0,0.0
41387317,RUA TENENTE-CORONEL MANOEL EUFRASIO DE ASSUMPCAO,,,
41387333,RUA PRETEXTATO TABORDA RIBAS,5.0,0.0,0.0
41387350,AVENIDA NOSSA SENHORA DA LUZ,5.0,0.0,0.0
41387376,RUA PROFA MARIA ASSUMPCAO,28.0,1.0,0.0
41387384,RUA IMACULADA CONCEICAO,58.0,0.0,0.0
41387392,RUA BRASILIO CUMAN,25.0,1.0,0.0
41387406,RUA VISCONDE DO RIO BRANCO,,,
41387414,AVENIDA MARECHAL FLORIANO PEIXOTO,,,
41387422,RUA DOUTOR ESTEVAM RIBEIRO DE SOUZA NETTO,,,
41387449,RUA BENJAMIN CONSTANT,,,
41387457,RUA VISC DO SERRO FRIO,17.0,1.0,0.0
41387473,RUA ANTONIO REBELATTO,6.0,0.0,0.0
41387503,RUA MACEIO,5.0,0.0,0.0
41387511,RUA FREI ORLANDO,4.0,0.0,0.0
41387520,RUA DOUTOR PEDRO AUGUSTO MENNA BARRETO MONCLARO,8.0,0.0,0.0
41387538,RUA PROFESSOR NARCISO MENDES,16.0,0.0,0.0
41387562,AVENIDA SETE DE SETEMBRO,6.0,0.0,0.0
41387600,ALAMEDA AUGUSTO STELLFELD,7.0,0.0,0.0
41387619,RUA TENENTE JOSE RIBAS KENDRICK,16.0,1.0,0.0
41387627,RUA ADA MACAGGI,6.0,0.0,0.0
41387635,RUA ALMIRANTE GONCALVES,12.0,0.0,0.0
41387791,RUA CRUZ MACHADO,,,
41387848,RUA CYRO CORREIA PEREIRA,20.0,0.0,0.0
41388178,AVENIDA LUIZ XAVIER,9.0,0.0,0.0
41388771,RUA ALFERES PEDRO MAGNO DE BARROS,10.0,0.0,0.0
41388798,RUA PADRE DEHON,11.0,1.0,0.0
41388828,AVENIDA MARECHAL FLORIANO PEIXOTO,10.0,0.0,0.0
41388836,RUA DESEMBARGADOR ERNANI GUARITA CARTAXO,9.0,0.0,0.0
41388917,RUA ALVARO ANDRADE,13.0,0.0,0.0
41388968,RUA JOAO BETTEGA,9.0,1.0,0.0
41389069,RUA MERCEDES STRESSER,6.0,0.0,0.0
41389085,RUA COMENDADOR ARAUJO,6.0,0.0,0.0
41389115,RUA SALDANHA MARINHO,5.0,0.0,0.0
41389190,RUA DEPUTADO PINHEIRO JUNIOR,16.0,1.0,0.0
41389875,RUA LEONARDO NOVICKI,14.0,1.0,0.0
41389883,RUA PRESIDENTE JOAO GOULART,17.0,1.0,0.0
41389891,RUA JOAO BUDEL,12.0,1.0,0.0
41389905,RUA LEONARDO NOVICKI,10.0,0.0,0.0
41389980,AVENIDA SETE DE SETEMBRO,,,
41389999,RUA DESEMB ANTONIO DE PAULA,25.0,1.0,0.0
41390024,EMILIANO PERNETA,16.0,0.0,0.0
41390032,RUA CIDADE GAUCHA,19.0,1.0,0.0
41390075,RUA EDUARDO SPRADA,16.0,0.0,0.0
41390083,TRAVESSA RODOLPHO ROSENAU,6.0,1.0,0.0
41392434,RUA RODRIGO OCTAVIO DE LANGAARD MENEZES FILHO,16.0,1.0,0.0
41392604,RUA ALBERTO STENZOWSKI,5.0,0.0,0.0
41393406,RUA PROF PORTHOS VELLOZO,6.0,0.0,0.0
41394208,RUA CORONEL ARTHUR FERREIRA DE ABREU,4.0,0.0,0.0
41395670,RUA SAO SIDONIO APOLINARIO,9.0,1.0,0.0
41402421,RUA PROFESSOR GUILHERME BUTLER,,,
41404823,RUA DOUTOR MAGNUS SONDAHL,3.0,0.0,0.0
41405420,RUA MARIO BITTENCOURT,10.0,0.0,0.0
41410629,R SAO JOSE DOS PINHAIS,6.0,0.0,0.0
41410637,RUA ISAIAS FERREIRA DA SILVA,3.0,0.0,0.0
41410645,RUA VICTOR KOTOVIS,12.0,1.0,0.0
41410823,R MARIA CLARA DE JESUS,10.0,0.0,0.0
41411021,RUA ARTHUR MARTINS FRANCO,14.0,0.0,0.0
41411030,RUA BENJAMIN CONSTANT,9.0,0.0,0.0
41411226,RUA SIDNEI STRAFITE DE OLIVEIRA,6.0,0.0,0.0
41412621,RUA PRES JOAO GOULART,6.0,0.0,0.0
41428846,AV MANOEL RIBAS,19.0,1.0,0.0
41460839,RUA TRAJANO REIS,,,
41486846,RUA MANDIRITUBA,19.0,1.0,0.0
41531876,RUA MANDIRITUBA,38.0,1.0,0.0
41533909,RUA JOAO DEMBINSKI,27.0,1.0,1.0
41536894,RUA DESEMBARGADOR CID CAMPELO,18.0,1.0,0.0
41537890,RUA CHILE,13.0,0.0,0.0
41537904,AV JOAO GUALBERTO,14.0,1.0,0.0
41538897,RUA FRANCIS BACON,4.0,0.0,0.0
41540891,RUA CIRENEO DE MORAES,10.0,0.0,0.0
41541898,RUA LUIZ BERTOLDI,10.0,0.0,0.0
41542894,RUA LAERTES LUIZ FOGGIATO,8.0,0.0,0.0
41543890,RUA ANNA PIETROBELLI IENSEN,6.0,0.0,0.0
41543904,RUA IMACULADA CONCEICAO,7.0,0.0,0.0
41544897,AVENIDA IGUACU,9.0,0.0,0.0
41546890,RUA SAMUEL CEZAR,7.0,1.0,0.0
41552067,RUA DOUTOR DANILO GOMES,,,
41566904,RUA GAL ANOR PINHO,10.0,1.0,0.0
41592891,RUA LAMENHA LINS,7.0,0.0,0.0
41595890,RUA NICARAGUA,13.0,0.0,0.0
41597893,RUA MARIA BIZINELLI,19.0,0.0,0.0
41601955,RUA JULIO PERNETA,5.0,0.0,0.0
41601963,RUA JACINTO ANTUNES DA SILVA,52.0,1.0,0.0
41601971,RUA RECIFE,,,
41602056,RUA SANTO ANDRE,16.0,1.0,0.0
41602919,AV MAL FLORIANO PEIXOTO,16.0,0.0,0.0
41602951,RUA EPAMINONDAS SANTOS,14.0,1.0,0.0
41602960,RUA PROFESSOR DARIO VELOSO,12.0,1.0,0.0
41604903,RUA MARECHAL CARDOSO JUNIOR,11.0,0.0,0.0
41605918,RUA LUDVINA SCHUSTER PAES,6.0,0.0,0.0
41605926,RUA EUGENIO GERALDO ZEGLIN,6.0,0.0,0.0
41605934,RUA MINAS GERAIS,6.0,0.0,0.0
41605942,RUA EDUARDO PINTO DA ROCHA,12.0,1.0,0.0
41606892,RUA PALMYRA CRIVELLARO BERTOLDE,18.0,1.0,0.0
41606906,RUA FRANCISCO NADOLNY,46.0,1.0,1.0
41607902,RUA NILO PECANHA,22.0,1.0,1.0
41607937,RUA VISCONDE DE NACAR,1.0,0.0,0.0
41609891,RUA HUMBERTO MORONA,11.0,0.0,0.0
41610890,RUA DOUTOR MANOEL PEDRO,17.0,1.0,0.0
41613937,RUA DOUTOR ROBERTO BARROZO,5.0,0.0,0.0
41613945,RUA BERNARDINO IATAURO,5.0,0.0,0.0
41613970,RUA MARQUES DO PARANA,5.0,0.0,0.0
41614925,RUA BARAO DE GUARAUNA,7.0,0.0,0.0
41616928,ALAMEDA PRINCESA IZABEL,9.0,0.0,0.0
41616936,RUA FERNANDES DE BARROS,7.0,0.0,0.0
41616952,RUA CARLOS CHAGAS,5.0,0.0,0.0
41616979,RUA MARANHAO,15.0,0.0,0.0
41617924,RUA NICOLAU GULBINO,6.0,0.0,0.0
41618920,RUA ERNESTO PIAZZETTA,8.0,0.0,0.0
41618947,DOUTOR FAIVRE,4.0,1.0,0.0
41623932,TRAVESSA LANGE,5.0,0.0,0.0
41134451,PASSO AMARELO,2.0,0.0,0.0
41134460,RUA ISLANDIA,14.0,1.0,0.0
41134478,RUA ALBATROZ,12.0,0.0,0.0
41134486,AV BRASIL,22.0,1.0,0.0
41134494,RUA RIO SANTANA,7.0,1.0,0.0
41134508,RUA NOSSA SENHORA DO ROCIO,7.0,1.0,0.0
41134516,RUA LARGO DA AMOREIRA,16.0,1.0,0.0
41134524,BR 116 - KM 126,5.0,0.0,0.0
41134532,AV PORTUGAL,5.0,0.0,0.0
41134559,RUA SAO BRAZ,22.0,1.0,0.0
41134567,RUA ALFREDO GONCHOROVSKI,15.0,1.0,0.0
41134605,RUA CEZAR CARELLI,16.0,1.0,0.0
41134613,TRAV RIO PADILHA,14.0,0.0,0.0
41134630,RUA EL SALVADOR,12.0,0.0,0.0
41134648,RUA HOLANDA,21.0,1.0,0.0
41134664,AV BRASIL,21.0,1.0,0.0
41143990,RUA ANTONIO LOURENCO DOS SANTOS,19.0,1.0,0.0
41144007,AV BRASIL,15.0,1.0,0.0
41146956,RUA CARLOS EDUARDO NICHELE,,,
41148703,RUA CARLOS DRUMOND DE ANDRADE,14.0,1.0,0.0
41148711,RUA SAO GABRIEL,20.0,1.0,0.0
41149971,AV PARANA,16.0,0.0,0.0
41153200,RUA CARLOS EDUARDO NICHELE,,,
41153545,RUA RIO TIETE,9.0,0.0,0.0
41153634,RUA CARLOS DRUMOND DE ANDRADE,8.0,0.0,0.0
41154193,RUA ITALIA,6.0,0.0,0.0
41155580,RUA PINHAO SNESQ RUA XINGU,15.0,1.0,0.0
41158032,RUA SAO NICOLAU,20.0,0.0,0.0
41158113,RUA CANARIO,7.0,0.0,0.0
41158172,AVENIDA VENEZUELA,5.0,0.0,0.0
41159756,RUA AGUIAS,10.0,1.0,0.0
41159888,RUA VIRMOND,22.0,1.0,0.0
41160380,AVENIDA NOSSA SENHORA DE GUADALUPE,9.0,0.0,0.0
41160398,RUA PAU-BRASIL,9.0,0.0,0.0
41160800,TRAVESSA PINHAO,17.0,1.0,0.0
41160991,RUA JURUVIARIA,22.0,1.0,0.0
41161564,RUA AUSTRIA,6.0,0.0,0.0
41161572,RUA MANOEL CLAUDINO BARBOSA,8.0,0.0,0.0
41161637,AVENIDA BRASIL,,,
41163761,AVENIDA BRASIL,22.0,1.0,0.0
41358430,RUA FORTALEZA SN,13.0,1.0,0.0
41358449,AV ALBATROZ,5.0,0.0,0.0
41358457,RUA MARANHAO,18.0,1.0,0.0
41358465,RUA RIO GUARANI,26.0,1.0,0.0
41361571,RUA FARID STEPHENS SN,5.0,0.0,0.0
41363310,RUA COLOMBIA,11.0,0.0,0.0
41363329,RUA TRES MARIAS,9.0,0.0,0.0
41363353,RUA RIO PIQUIRI SN,4.0,0.0,0.0
41363361,AV BRASIL,8.0,0.0,0.0
41372441,AV PARANA SN,5.0,0.0,0.0
41378300,RUA GUIANA,14.0,0.0,0.0
41380975,RUA SAO NATALINO,20.0,1.0,0.0
41380991,RUA ERITREIA,14.0,0.0,0.0
41381017,RUA PAULO LEMINSKI,20.0,0.0,0.0
41382668,AVENIDA DAS ARAUCARIAS,13.0,1.0,0.0
41382676,AV POLONIA,10.0,0.0,0.0
41385861,RUA PESSEGUEIRO,7.0,0.0,0.0
41386582,RUA CURITIBA,5.0,0.0,0.0
41387180,RUA VIDEIRA,14.0,1.0,0.0
41387260,AV ESTADOS UNIDOS DA AMERICA,12.0,1.0,0.0
41387830,RUA TANGARA,25.0,1.0,0.0
41389140,RUA PROF. ALFREDO GONCHOROVSKI,16.0,1.0,0.0
41389158,AV BRASIL,,,
41415230,RUA GOIABEIRA,7.0,1.0,0.0
41415426,RUA JAGUARIAIVA,28.0,1.0,0.0
41415434,RUA PESSEGUEIRO,25.0,1.0,0.0
41556917,RUA ESPANHA,,,
41601904,AV NOSSA SENHORA DA APARECIDA,9.0,0.0,0.0
41607899,AV ESTADOS UNIDOS,9.0,0.0,0.0
41613961,RUA CASTANHEIRA,17.0,0.0,0.0
41135580,RUA SALGADO FILHO,12.0,1.0,0.0
41135598,RUA TIBURCIO GOMES DE OLIVEIRA,7.0,1.0,0.0
41135601,RUA JOAO MENDES BATISTA,29.0,1.0,0.0
41135610,RUA QUINZE DE OUTUBRO,24.0,1.0,0.0
41135628,RUA PEDRO FANOR,12.0,1.0,0.0
41135636,RUA NILO PECANHA,12.0,1.0,0.0
41135644,RUA JOSE MARIANO DOS SANTOS,10.0,1.0,0.0
41135679,RUA CRESCENCIO BATISTA,5.0,1.0,0.0
41135687,RUA CORBELIA,12.0,1.0,0.0
41135695,RUA CASSIANO RICARDO,16.0,1.0,0.0
41135709,RUA RIO PIQUIRI,22.0,1.0,0.0
41135717,RUA ADOLFO G MUHLMANN,13.0,1.0,0.0
41135725,RUA REINALDO RIBAS,6.0,1.0,0.0
41135733,RUA RIO PARANA,12.0,1.0,0.0
41135741,RUA RIO PIRAQUARA,9.0,1.0,1.0
41135750,RUA MALASIA,9.0,0.0,0.0
41135784,RUA ARISTEU DE CASTRO FERNANDES,16.0,1.0,0.0
41135792,RUA AZALEIA,12.0,1.0,0.0
41135806,RUA AUGUSTO TREVISAN,7.0,1.0,0.0
41135814,RUA AMERICA DO SUL,11.0,1.0,0.0
41135822,AV COTINGA,12.0,1.0,0.0
41135830,RUA CLOVIS BEVILACQUA,12.0,1.0,0.0
41135849,AVENIDA IRAI,,,
41135857,RUA LUIZ VASSELAI,12.0,1.0,0.0
41135865,RUA PEABIRU,28.0,1.0,1.0
41135881,RUA NICARAGUA,15.0,0.0,0.0
41135911,RUA INAJA,14.0,1.0,0.0
41135920,RUA RIO SOLIMOES,13.0,1.0,0.0
41135938,RUA ISAAC VICTOR PEREIRA,15.0,1.0,0.0
41135946,RUA WANDA DOS SANTOS MALLMANN,51.0,1.0,0.0
41135954,RUA RIO IPIRANGA,10.0,1.0,0.0
41135962,RUA DR WALDEMAR COSTA LIMA,7.0,1.0,0.0
41135970,RUA ARTHUR BERNARDES,9.0,1.0,0.0
41145097,RUA AUGUSTO TREVISAN,4.0,0.0,0.0
41145100,RUA RIO PURUS,8.0,0.0,0.0
41148061,RUA PALMEIRAS,8.0,0.0,0.0
41148070,RUA NORBERTO RIBEIRO DA MOTTA,8.0,1.0,0.0
41148118,AVENIDA AYRTON SENNA DA SILVA,9.0,1.0,0.0
41148878,R RIO IGUACU,12.0,0.0,0.0
41148894,RUA CASSIANO RICARDO,6.0,0.0,0.0
41148924,R JUCELINO KUBITSCHEK,4.0,0.0,0.0
41150341,RUA RIO PARANA,15.0,0.0,0.0
41150910,RUA MENDES BATISTA,7.0,0.0,0.0
41151615,RUA PARAISO DO NORTE,11.0,0.0,0.0
41151623,RUA GETULIO VARGAS,10.0,0.0,0.0
41153219,AVENIDA AYRTON SENNA DA SILVA,9.0,1.0,0.0
41153391,RUA GUILHERME WEISS,13.0,0.0,0.0
41155513,RUA RIO NEGRO,8.0,0.0,0.0
41156153,RUA HUMBERTO DE ALENCAR CASTELLO BRANCO,8.0,1.0,0.0
41156226,RUA AMERICA DO NORTE,23.0,0.0,0.0
41156714,RUA DO CRESCENCIO BATISTA,7.0,0.0,0.0
41156897,RUA JOAO ARANTES NETO,8.0,0.0,0.0
41157990,RUA PEABIRU,16.0,0.0,0.0
41158210,RUA ERNESTO KUGLER,4.0,0.0,0.0
41158580,AV CAMILO DI LELLIS,10.0,1.0,0.0
41159071,RUA COSTA E SILVA,4.0,0.0,0.0
41160258,RUA AMERICA DO SUL,24.0,1.0,0.0
41162862,RUA PARAISO DO NORTE,9.0,0.0,0.0
41164768,RUA ROLANDIA,13.0,1.0,0.0
41164806,AVENIDA CAMILO DI LELLIS,8.0,0.0,0.0
41354257,RUA JOAO MENDES BATISTA,10.0,0.0,0.0
41354265,RUA ANTONIO ZIELONKA,8.0,0.0,0.0
41357361,RUA JOAO MENDES BATISTA,23.0,1.0,0.0
41360559,RUA JOAO MENDES BATISTA,11.0,0.0,0.0
41360567,RUA AZALEIA,8.0,0.0,0.0
41360575,RUA ANTONIO DE ANDRADE,9.0,1.0,0.0
41371828,RUA CALHANDRA,8.0,0.0,0.0
41371852,RUA REINALDO RIBAS,8.0,0.0,0.0
41371879,RUA CRESCENCIO BATISTA,5.0,0.0,0.0
41373340,FRANCISCO EUGENIO GOMES PEREIRA,23.0,1.0,0.0
41373448,RUA RIO SOLIMOES,,,
41373456,RUA RIO PIRAQUARA,8.0,1.0,0.0
41373464,RUA RIO SOLIMOES,9.0,0.0,0.0
41375947,RUA BERNARDO OZINSKI,12.0,1.0,0.0
41375955,RUA JANDAIA DO SUL,16.0,1.0,0.0
41375963,RUA MANOEL LUCAS EVANGELISTA NETO,7.0,0.0,0.0
41375971,RUA MARIO MARQUES GUIMARAES,8.0,0.0,0.0
41379055,RUA TANAGRA,16.0,0.0,0.0
41379063,RUA FLORINDO LINDES,7.0,0.0,0.0
41382811,RUA MANACA,3.0,0.0,0.0
41385071,RUA CASSIANO RICARDO,14.0,0.0,0.0
41387686,RUA RIO PARANAPANEMA,5.0,0.0,0.0
41387724,RUA NATAL FABRI,10.0,1.0,0.0
41387732,ESTRADA DA GRACIOSA KM 20,18.0,1.0,0.0
41403029,RUA CASIMIRO DE ABREU,,,
41483820,RUA PARANAVAI,4.0,0.0,0.0
41548892,AV AYRTON SENNA DA SILVA,20.0,0.0,0.0
41608917,RUA JERONIMO MENDES DOS SANTOS,9.0,0.0,0.0
41137230,RUA AGUDOS DO SUL,13.0,1.0,0.0
41137248,RUA DAS PALMAS,8.0,1.0,0.0
41137256,RUA ANTONIO GREBOGE,7.0,0.0,0.0
41137264,RUA JOAO ALBERTI,11.0,1.0,0.0
41137272,RUA PLANALTO,6.0,0.0,0.0
41137299,AV DOS CARDEAIS,8.0,1.0,0.0
41137302,RUA HERBERT DE SOUZA,6.0,0.0,0.0
41137310,RUA GIOCONDO DALL STELLA,11.0,0.0,0.0
41137329,RUA BENJAMIM CLAUDINO BARBOSA,19.0,1.0,0.0
41137337,RUA CANOINHAS,18.0,1.0,0.0
41137345,RUA AGENOR LINO DE OLIVEIRA,14.0,1.0,0.0
41137361,RUA SCHAFEMBERG DE QUADROS,14.0,1.0,0.0
41137426,RUA VEREADOR DOMINGOS BENVENUTO MOLETTA,4.0,0.0,0.0
41137442,RUA PROF JULIO CARVALHO GOMES,8.0,0.0,0.0
41137477,RUA PROF ANTONIO DANTAS,12.0,0.0,0.0
41137485,RUA MARIA PASQUALIN VACCARI,14.0,1.0,0.0
41137493,RUA MANOEL MARCILIO DE OLIVEIRA,18.0,0.0,0.0
41137507,RUA ANTONIO SINGER,10.0,1.0,0.0
41137515,RUA OCTAVIO CIM,20.0,1.0,0.0
41137531,RUA DR MURICI,11.0,1.0,0.0
41137540,RUA FRANCISCO FAVORETTO,12.0,1.0,0.0
41137558,RUA PAULINO DE SIQUEIRA CORTES,24.0,1.0,0.0
41137574,RUA AGENOR LINO DE OLIVEIRA,14.0,1.0,1.0
41137612,RUA CARLOS KUZMA,4.0,0.0,0.0
41137639,RUA ANGELINA MARIA SENEGAGLIA,7.0,0.0,0.0
41137647,RUA JOHN LENNON,11.0,1.0,0.0
41137655,HENRIQUE BORTOLAN,8.0,1.0,0.0
41137663,RUA ANDRE ZEN,4.0,0.0,0.0
41137671,RUA PAULO SCHERNER,21.0,1.0,0.0
41137680,RUA DUQUE DE CAXIAS,34.0,1.0,0.0
41137698,RUA SANTA RITA,7.0,0.0,0.0
41137710,RUA ETORE MARENDA,,,
41137728,RUA MANOEL MARCILIO DE OLIVEIRA,18.0,1.0,0.0
41137736,RUA ANTONIO QUINTINO DE ALMEIDA,15.0,1.0,0.0
41137744,RUA MARLENE VEIGA ROSA,10.0,1.0,0.0
41137779,RUA BENJAMIN NEGOSEKI,10.0,0.0,0.0
41137795,RUA ACRE,11.0,1.0,0.0
41137809,RUA MARGARIDA NEGRELLI MOLETTA,8.0,0.0,0.0
41137833,RUA PADRE BITTENCOURT,17.0,1.0,0.0
41137841,AV THOMAZ CARMELIANO DE MIRANDA,21.0,1.0,0.0
41137868,RUA IEDA SOLANGE RIBEIRO,21.0,1.0,0.0
41137892,AV JOAO FRAGA NETO,13.0,1.0,0.0
41137906,RUA ESPIRITO SANTO,14.0,0.0,0.0
41137922,RUA THOMAZ NEGOSEKE,8.0,0.0,0.0
41137930,RUA JOAQUIM FERREIRA CLAUDINO,13.0,1.0,0.0
41137965,RUA QUIRINO ZAGONEL,13.0,1.0,0.0
41137973,RUA JOSE ZANCHETA FILHO,8.0,1.0,0.0
41137981,RUA TEREZA NESTER,6.0,0.0,0.0
41137990,RUA ANTONIO QUINTINO DE ALMEIDA,9.0,1.0,0.0
41138015,RUA PEDRO RIBASKI,13.0,1.0,0.0
41138023,RUA SANTA RITA,5.0,0.0,0.0
41138031,RUA CORONEL VITORINO ORDINI,13.0,0.0,0.0
41138058,RUA JOINVILLE,38.0,1.0,0.0
41138066,RUA CASEMIRO GAPSKI,5.0,0.0,0.0
41138074,RUA ADIR PEDROSO,16.0,1.0,0.0
41138082,RUA ANTENOR DOS SANTOS,6.0,0.0,0.0
41138090,RUA BENJAMIM NEGOSEKY,4.0,0.0,0.0
41138104,RUA JOAO ANGELO CORDEIRO,1.0,0.0,0.0
41138120,RUA GUARAQUECABA,8.0,0.0,0.0
41138139,RUA CRUZEIRO DO SUL,6.0,0.0,0.0
41138147,RUA HENRIQUE GONZAGA DE SOUZA NETO,9.0,0.0,0.0
41138155,RUA BENJAMIN CLAUDINO BARBOSA,8.0,0.0,0.0
41138171,RUA PAULINO FERREIRA BELLO,6.0,0.0,0.0
41138180,RUA JOSE IVAHI DE CAMARGO,7.0,1.0,0.0
41138198,RUA LONDRINA,10.0,1.0,0.0
41138228,RUA JOINVILLE,14.0,1.0,0.0
41138287,RUA DR MURICI,11.0,1.0,0.0
41138325,RUA VEREADOR DOMINGOS BENVENUTO MOLETTA,7.0,0.0,0.0
41138341,RUA QUINZITO DE QUADROS SOUZA,10.0,1.0,0.0
41138376,RUA MONTEIRO LOBATO,4.0,1.0,0.0
41138392,RUA PRINCIPAL DA COLONIA CASTELHANOS,1.0,0.0,0.0
41138406,RUA DOUTOR MURICI,12.0,1.0,0.0
41138422,PC GETULIO VARGAS,13.0,0.0,0.0
41138430,AVENIDA RUI BARBOSA,30.0,1.0,0.0
41138449,RUA CHAPECO,18.0,0.0,0.0
41138457,RUA JOINVILLE,23.0,1.0,0.0
41146085,RUA DR MURICI,10.0,1.0,0.0
41146093,RUA TEREZA NESTER,9.0,1.0,0.0
41146735,RUA MARIO TOMELIM,12.0,1.0,0.0
41147227,RUA RUI BARBOSA,12.0,1.0,0.0
41147952,RUA CAPITAO BENJAMIN CLAUDINO FERREIRA,9.0,0.0,0.0
41147979,RUA OLIVIO TOZZO,,,
41147987,RUA TENENTE LUIZ DE OLIVEIRA QUADROS,,,
41148100,RUA FRANCISCO HONORIO CLAUDINO,10.0,0.0,0.0
41149122,RUA JOAO ZARPELON,13.0,0.0,0.0
41149394,RUA AYRTON SENNA,7.0,0.0,0.0
41149408,RUA WALFRIDO COSTA,8.0,0.0,0.0
41150503,TRAV ALTAIR PEREIRA BARUSSO,,,
41153553,RUA JOAO MARIA ALVES DE SOUZA,6.0,0.0,0.0
41153561,RUA EVELIZE APARECIDA ROSSETI MENDES,4.0,0.0,0.0
41153570,RUA INEZILDA REZENDE RIBEIRO,10.0,0.0,0.0
41153588,RUA ANTONIO MOLLETA FILHO,6.0,0.0,0.0
41155262,AVENIDA RUI BARBOSA,17.0,1.0,0.0
41155866,RUA RUBENS HUERGO,8.0,0.0,0.0
41155882,RUA HEITOR MORO,8.0,0.0,0.0
41155890,RUA JOANA PERCEGONA ZEN,8.0,0.0,0.0
41155912,RUA OCTAVIO CIM,13.0,0.0,0.0
41157079,RUA COLOMBO,,,
41157621,RUA MARIA ZILA DOS REIS ALVES,9.0,0.0,0.0
41157907,RUA ANNELIESE GELLERT KRIGSNER,20.0,1.0,0.0
41157940,AVENIDA JOAO FRAGA NETO,8.0,0.0,0.0
41158482,AV ROCHA POMBO,12.0,0.0,0.0
41160290,RUA ALTEVIR DE LARA,10.0,0.0,0.0
41160339,RUA MARECHAL HERMES,,,
41161025,RUA VOLUNTARIOS DA PATRIA,15.0,0.0,0.0
41161424,RUA LAERTE FENELON,,,
41161645,RUA JOAO TEIXEIRA DE CARVALHO,6.0,0.0,0.0
41161653,RUA MENDES LEITAO,6.0,0.0,0.0
41161670,RUA CARLOS SETIN,5.0,0.0,0.0
41161742,RUA PROFESSORA MARIETA DE SOUZA E SILVA,9.0,1.0,0.0
41161769,RUA PROFESSORA MARIETA DE SOUZA E SILVA,9.0,1.0,0.0
41161777,RUA MANDIRITUBA,6.0,0.0,0.0
41161793,RUA PROFESSOR JOAO DA COSTA VIANA,6.0,0.0,0.0
41162269,RUA ALMIRANTE ALEXANDRINO,20.0,1.0,0.0
41162617,AVENIDA RUI BARBOSA,5.0,0.0,0.0
41162781,RUA MAL MALLET,8.0,0.0,0.0
41163818,RUA JOAQUIM NABUCO,13.0,0.0,0.0
41163907,RUA GIRASSOL,4.0,0.0,0.0
41164156,RUA HARRY FEEKEN,7.0,1.0,0.0
41164245,RUA DOUTOR MURICI,6.0,0.0,0.0
41164377,RUA ANTONIO BIANCHETTI,7.0,0.0,0.0
41164725,RUA ANNELIESE GELLERT KRIGSNER,,,
41164733,RUA JOAO DOMBROWSKI,,,
41164741,RUA CAPITAO TOBIAS PEREIRA DA CRUZ,,,
41354800,RUA DOS MONGES BENEDITINOS,5.0,0.0,0.0
41354818,RUA DOUTOR MOTTA JUNIOR,20.0,1.0,0.0
41354869,RUA JOAQUIM NABUCO,36.0,1.0,1.0
41361512,RUA THOMAZ NEGOSEKE,6.0,0.0,0.0
41361520,RUA MENDES LEITAO,18.0,0.0,0.0
41361539,RUA SAO LUCAS,7.0,0.0,0.0
41361911,RUA ELIUD ALVES PEREIRA,17.0,1.0,0.0
41369025,RUA TARCILIO ZOELNER,15.0,0.0,0.0
41369033,RUA DIOLINDA RICARDINA DE JESUS,8.0,0.0,0.0
41369041,RUA VICENTE VAHOVICZ,6.0,0.0,0.0
41369050,RUA QUIRINO ZAGONEL,8.0,0.0,0.0
41369068,RUA PRUDENTOPOLIS,6.0,0.0,0.0
41369076,RUA SEBASTIAO LEONILDO FONTANA,8.0,0.0,0.0
41369084,RUA DESEMBARGADOR ERNANI ALMEIDA DE ABREU,8.0,0.0,0.0
41369092,RUA FLORENTINO SUCHLA,7.0,0.0,0.0
41369106,RUA MARINA COELHO,9.0,0.0,0.0
41369114,RUA GODOFREDO MACHADO,10.0,0.0,0.0
41369122,RUA SEBASTIAO ANTONIO FOGGIATTO,4.0,0.0,0.0
41369130,RUA PERNAMBUCO,9.0,0.0,0.0
41369149,RUA LAURA LOPES LATUF,11.0,0.0,0.0
41369157,RUA HENRIQUE GONZAGA DE SOUZA NETO,10.0,0.0,0.0
41369165,RUA TEREZA CAETANO DE LIMA,8.0,0.0,0.0
41369173,TRAVESSA GUAPORE,5.0,0.0,0.0
41369181,RUA DOUTOR MURICI,9.0,0.0,0.0
41369190,RUA OLIVIO TOZZO,12.0,0.0,0.0
41369211,RUA DIRCEU MONTANARIM,8.0,0.0,0.0
41369270,EST VEREADOR DOMINGOS BENEVENUTO MOLETTA,8.0,1.0,0.0
41369335,RUA IAPO,11.0,0.0,0.0
41369343,RUA ZACARIAS ALVES PEREIRA,8.0,0.0,0.0
41369360,RUA ANNELIESE GELLERT KRIGSNER,10.0,0.0,0.0
41372980,RUA DOS JASMINS,7.0,0.0,0.0
41373057,EST PRINCIPAL DE MALHADA SN,8.0,1.0,0.0
41373065,RUA PAULINO DE SIQUEIRA CORTES,3.0,0.0,0.0
41373073,RUA MITCHESLAU MAGNUSKEI,11.0,1.0,0.0
41376188,RUA ANGELO SGARBI,12.0,1.0,0.0
41376200,RUA ALEXANDRE RONKOSKI,13.0,0.0,0.0
41376218,RUA LAERTE FENELON,12.0,1.0,0.0
41376226,RUA LONDRINA,8.0,1.0,0.0
41379314,RUA LAERTE FENELON,11.0,0.0,0.0
41379330,RUADEPUTADO ERNESTO MORO REDESCHI,6.0,0.0,0.0
41379349,RUA GEN. CATAO MENA BARRETO MONCLARO,5.0,0.0,0.0
41379357,RUA PROFA URSOLINA OLIVEIRA CAMARGO,15.0,0.0,0.0
41381211,RUA PARAISO,10.0,0.0,0.0
41381254,RUA IGNACIO VALENGA,13.0,0.0,0.0
41381270,RUA SAO JOSEMARIA ESCRIVA,,,
41381289,RUA VERISSIMO MARQUES,12.0,0.0,0.0
41382137,RUA VISCONDE DO RIO BRANCO,,,
41382455,ALAMEDA BOM PASTOR,5.0,0.0,0.0
41382480,RUA JOSE JOAO RODRIGUES,6.0,0.0,0.0
41385330,RUA PASSOS DE OLIVEIRA,13.0,0.0,0.0
41385683,RUA PADRE FRANCISCO PROFT,7.0,0.0,0.0
41385691,RUA CAPITAO BENJAMIN CLAUDINO FERREIRA,10.0,0.0,0.0
41385713,RUA TEREZA NESTER,9.0,1.0,0.0
41385730,RUA PROFA MARIETA DE SOUZA E SILVA,10.0,1.0,0.0
41387155,RUA VERISSIMO MARQUES,16.0,0.0,0.0
41387570,RUA MATILDE BRANTIL DE PAULA,14.0,0.0,0.0
41387821,RUA CASEMIRO GREBOGE,7.0,0.0,0.0
41388356,RUA MARIA HELENA,,,
41388364,RUA DOUTOR MURICI,,,
41389310,RUA VICENTE TOZO,16.0,1.0,0.0
41393813,RUA FLORENTINO SUCHLA,18.0,0.0,0.0
41401638,RUA JOSE TREVISAN,23.0,1.0,0.0
41452836,RUA VERISSIMO MARQUES,15.0,0.0,0.0
41453832,RUA CORONEL QUADROS,7.0,0.0,0.0
41484827,RUA PAULINO DE SIQUEIRA CORTES,17.0,1.0,0.0
41532899,RUA GONZALES PECOTCHE,14.0,1.0,0.0
41552016,RUA MIGUEL HALUCH,8.0,0.0,0.0
41552024,RUA MARECHAL HERMES,15.0,0.0,0.0
41562895,RUA JOAQUIM NABUCO,5.0,0.0,0.0
41600894,RUA FRANCISCO MUNOZ MADRID,16.0,1.0,0.0
41601890,RUA MANOEL CORREA,24.0,1.0,0.0
41611900,RUA EMILIANO DAVID PERNETA,,,
41616995,RUA PEDRO LASKA,6.0,0.0,0.0
41622944,ALAMEDA ARPO,10.0,0.0,0.0
